{
    "Times": [
        6,
        7,
        8,
        9,
        10,
        11,
        12,
        13,
        14,
        15,
        16,
        17,
        18,
        19,
        20,
        21,
        22,
        23,
        24,
        25,
        26
    ],
    "Particles_Position": [
        [
            205.3,
            453.3
        ],
        [
            206.8,
            449.3
        ],
        null,
        [
            205.3,
            451.2
        ],
        [
            205.8,
            451.6
        ],
        [
            209.6,
            455.8
        ],
        [
            207.7,
            455.0
        ],
        [
            206.2,
            452.2
        ],
        [
            205.8,
            451.3
        ],
        null,
        [
            205.9,
            453.5
        ],
        [
            208.2,
            453.0
        ],
        null,
        null,
        null,
        null,
        null,
        null,
        [
            206.8,
            453.9
        ],
        [
            205.4,
            452.0
        ],
        [
            205.2,
            451.3
        ]
    ],
    "Particles_Estimated_Position": [
        [
            205.3,
            453.3
        ],
        [
            206.8,
            449.3
        ],
        [
            206.05,
            450.25
        ],
        [
            205.3,
            451.2
        ],
        [
            205.8,
            451.6
        ],
        [
            209.6,
            455.8
        ],
        [
            207.7,
            455.0
        ],
        [
            206.2,
            452.2
        ],
        [
            205.8,
            451.3
        ],
        [
            205.85000000000002,
            452.4
        ],
        [
            205.9,
            453.5
        ],
        [
            208.2,
            453.0
        ],
        [
            208.0,
            453.12857142857143
        ],
        [
            207.79999999999998,
            453.25714285714287
        ],
        [
            207.6,
            453.3857142857143
        ],
        [
            207.4,
            453.5142857142857
        ],
        [
            207.20000000000002,
            453.6428571428571
        ],
        [
            207.0,
            453.77142857142854
        ],
        [
            206.8,
            453.9
        ],
        [
            205.4,
            452.0
        ],
        [
            205.2,
            451.3
        ]
    ],
    "Particles_Size": [
        10,
        13,
        null,
        12,
        14,
        8,
        7,
        6,
        12,
        null,
        8,
        11,
        null,
        null,
        null,
        null,
        null,
        null,
        8,
        12,
        14
    ],
    "Particles_Bbox": [
        [
            [
                199,
                446
            ],
            [
                12,
                15
            ]
        ],
        [
            [
                200,
                445
            ],
            [
                15,
                16
            ]
        ],
        null,
        [
            [
                200,
                445
            ],
            [
                11,
                14
            ]
        ],
        [
            [
                201,
                446
            ],
            [
                14,
                19
            ]
        ],
        [
            [
                204,
                448
            ],
            [
                13,
                18
            ]
        ],
        [
            [
                201,
                446
            ],
            [
                10,
                14
            ]
        ],
        [
            [
                201,
                446
            ],
            [
                10,
                12
            ]
        ],
        [
            [
                201,
                446
            ],
            [
                10,
                13
            ]
        ],
        null,
        [
            [
                200,
                446
            ],
            [
                12,
                14
            ]
        ],
        [
            [
                201,
                446
            ],
            [
                14,
                13
            ]
        ],
        null,
        null,
        null,
        null,
        null,
        null,
        [
            [
                201,
                446
            ],
            [
                11,
                13
            ]
        ],
        [
            [
                201,
                444
            ],
            [
                9,
                15
            ]
        ],
        [
            [
                198,
                445
            ],
            [
                13,
                15
            ]
        ]
    ],
    "Particles_Max_Intensity": [
        [
            127
        ],
        [
            126
        ],
        null,
        [
            114
        ],
        [
            122
        ],
        [
            111
        ],
        [
            117
        ],
        [
            107
        ],
        [
            106
        ],
        null,
        [
            115
        ],
        [
            120
        ],
        null,
        null,
        null,
        null,
        null,
        null,
        [
            104
        ],
        [
            121
        ],
        [
            119
        ]
    ],
    "Track_ID": 34,
    "classification": "non-motile",
    "probability_motility": 0.4292419188760406
}