{
    "Times": [
        111,
        112,
        113,
        114,
        115,
        116,
        117,
        118,
        119,
        120,
        121,
        122,
        123,
        124,
        125,
        126,
        127
    ],
    "Particles_Position": [
        [
            1016.7,
            271.2
        ],
        [
            1016.4,
            270.6
        ],
        [
            1014.0,
            273.5
        ],
        [
            1016.4,
            271.3
        ],
        [
            1017.3,
            271.6
        ],
        null,
        null,
        null,
        null,
        [
            1017.0,
            270.0
        ],
        [
            1016.7,
            271.1
        ],
        [
            1016.6,
            271.2
        ],
        [
            1015.7,
            272.4
        ],
        [
            1016.4,
            270.8
        ],
        [
            1015.3,
            271.2
        ],
        [
            1014.0,
            274.1
        ],
        [
            1014.5,
            273.0
        ]
    ],
    "Particles_Estimated_Position": [
        [
            1016.7,
            271.2
        ],
        [
            1016.4,
            270.6
        ],
        [
            1014.0,
            273.5
        ],
        [
            1016.4,
            271.3
        ],
        [
            1017.3,
            271.6
        ],
        [
            1017.24,
            271.28000000000003
        ],
        [
            1017.18,
            270.96000000000004
        ],
        [
            1017.12,
            270.64
        ],
        [
            1017.06,
            270.32
        ],
        [
            1017.0,
            270.0
        ],
        [
            1016.7,
            271.1
        ],
        [
            1016.6,
            271.2
        ],
        [
            1015.7,
            272.4
        ],
        [
            1016.4,
            270.8
        ],
        [
            1015.3,
            271.2
        ],
        [
            1014.0,
            274.1
        ],
        [
            1014.5,
            273.0
        ]
    ],
    "Particles_Size": [
        6,
        7,
        10,
        7,
        7,
        null,
        null,
        null,
        null,
        7,
        10,
        10,
        10,
        11,
        11,
        7,
        6
    ],
    "Particles_Bbox": [
        [
            [
                1014,
                270
            ],
            [
                8,
                3
            ]
        ],
        [
            [
                1011,
                267
            ],
            [
                11,
                6
            ]
        ],
        [
            [
                1007,
                267
            ],
            [
                15,
                17
            ]
        ],
        [
            [
                1014,
                270
            ],
            [
                8,
                3
            ]
        ],
        [
            [
                1014,
                270
            ],
            [
                8,
                4
            ]
        ],
        null,
        null,
        null,
        null,
        [
            [
                1015,
                267
            ],
            [
                7,
                5
            ]
        ],
        [
            [
                1010,
                267
            ],
            [
                12,
                15
            ]
        ],
        [
            [
                1010,
                267
            ],
            [
                12,
                15
            ]
        ],
        [
            [
                1010,
                267
            ],
            [
                12,
                15
            ]
        ],
        [
            [
                1010,
                267
            ],
            [
                12,
                15
            ]
        ],
        [
            [
                1007,
                263
            ],
            [
                14,
                19
            ]
        ],
        [
            [
                1010,
                270
            ],
            [
                7,
                12
            ]
        ],
        [
            [
                1010,
                270
            ],
            [
                7,
                12
            ]
        ]
    ],
    "Particles_Max_Intensity": [
        [
            110
        ],
        [
            109
        ],
        [
            113
        ],
        [
            113
        ],
        [
            113
        ],
        null,
        null,
        null,
        null,
        [
            114
        ],
        [
            115
        ],
        [
            113
        ],
        [
            113
        ],
        [
            116
        ],
        [
            116
        ],
        [
            114
        ],
        [
            113
        ]
    ],
    "Track_ID": 108,
    "classification": "non-motile",
    "probability_motility": 0.36910507441623447
}