{
    "Times": [
        143,
        144,
        145,
        146,
        147,
        148,
        149,
        150,
        151,
        152,
        153,
        154,
        155,
        156,
        157,
        158,
        159,
        160,
        161,
        162,
        163,
        164,
        165
    ],
    "Particles_Position": [
        [
            1005.7,
            769.8
        ],
        [
            1006.2,
            767.2
        ],
        [
            1003.4,
            769.0
        ],
        [
            1003.9,
            761.3
        ],
        null,
        [
            1001.5,
            758.6
        ],
        [
            1011.8,
            760.4
        ],
        null,
        null,
        null,
        null,
        null,
        null,
        [
            1021.1,
            761.6
        ],
        [
            1011.9,
            766.5
        ],
        null,
        [
            1019.0,
            765.9
        ],
        [
            1018.9,
            762.2
        ],
        [
            1013.0,
            758.2
        ],
        [
            1016.7,
            758.8
        ],
        [
            1013.6,
            757.4
        ],
        [
            1011.5,
            757.6
        ],
        [
            1020.4,
            756.4
        ]
    ],
    "Particles_Estimated_Position": [
        [
            1005.7,
            769.8
        ],
        [
            1006.2,
            767.2
        ],
        [
            1003.4,
            769.0
        ],
        [
            1003.9,
            761.3
        ],
        [
            1002.7,
            759.95
        ],
        [
            1001.5,
            758.6
        ],
        [
            1011.8,
            760.4
        ],
        [
            1013.1285714285714,
            760.5714285714286
        ],
        [
            1014.4571428571428,
            760.7428571428571
        ],
        [
            1015.7857142857142,
            760.9142857142857
        ],
        [
            1017.1142857142858,
            761.0857142857143
        ],
        [
            1018.4428571428572,
            761.2571428571429
        ],
        [
            1019.7714285714286,
            761.4285714285714
        ],
        [
            1021.1,
            761.6
        ],
        [
            1011.9,
            766.5
        ],
        [
            1015.45,
            766.2
        ],
        [
            1019.0,
            765.9
        ],
        [
            1018.9,
            762.2
        ],
        [
            1013.0,
            758.2
        ],
        [
            1016.7,
            758.8
        ],
        [
            1013.6,
            757.4
        ],
        [
            1011.5,
            757.6
        ],
        [
            1020.4,
            756.4
        ]
    ],
    "Particles_Size": [
        12,
        13,
        16,
        30,
        null,
        11,
        28,
        null,
        null,
        null,
        null,
        null,
        null,
        17,
        18,
        null,
        10,
        10,
        40,
        13,
        45,
        35,
        26
    ],
    "Particles_Bbox": [
        [
            [
                998,
                760
            ],
            [
                21,
                19
            ]
        ],
        [
            [
                997,
                751
            ],
            [
                24,
                24
            ]
        ],
        [
            [
                998,
                753
            ],
            [
                12,
                32
            ]
        ],
        [
            [
                992,
                740
            ],
            [
                30,
                39
            ]
        ],
        null,
        [
            [
                991,
                747
            ],
            [
                24,
                23
            ]
        ],
        [
            [
                994,
                736
            ],
            [
                29,
                45
            ]
        ],
        null,
        null,
        null,
        null,
        null,
        null,
        [
            [
                1019,
                744
            ],
            [
                4,
                38
            ]
        ],
        [
            [
                995,
                747
            ],
            [
                28,
                34
            ]
        ],
        null,
        [
            [
                1004,
                751
            ],
            [
                19,
                25
            ]
        ],
        [
            [
                1003,
                750
            ],
            [
                20,
                25
            ]
        ],
        [
            [
                996,
                742
            ],
            [
                27,
                38
            ]
        ],
        [
            [
                1001,
                740
            ],
            [
                22,
                35
            ]
        ],
        [
            [
                996,
                723
            ],
            [
                27,
                62
            ]
        ],
        [
            [
                987,
                741
            ],
            [
                36,
                37
            ]
        ],
        [
            [
                1009,
                723
            ],
            [
                14,
                59
            ]
        ]
    ],
    "Particles_Max_Intensity": [
        [
            100
        ],
        [
            108
        ],
        [
            109
        ],
        [
            116
        ],
        null,
        [
            112
        ],
        [
            116
        ],
        null,
        null,
        null,
        null,
        null,
        null,
        [
            103
        ],
        [
            110
        ],
        null,
        [
            103
        ],
        [
            105
        ],
        [
            122
        ],
        [
            121
        ],
        [
            118
        ],
        [
            117
        ],
        [
            116
        ]
    ],
    "Track_ID": 48,
    "classification": "non-motile",
    "probability_motility": 0.4807028481186321
}