{
    "Times": [
        172,
        173,
        174,
        175,
        176,
        177,
        178,
        179,
        180,
        181,
        182,
        183,
        184
    ],
    "Particles_Position": [
        [
            617.7,
            186.7
        ],
        [
            630.4,
            186.6
        ],
        null,
        null,
        [
            618.5,
            188.0
        ],
        [
            617.9,
            188.6
        ],
        [
            618.8,
            187.9
        ],
        [
            617.3,
            188.2
        ],
        [
            627.8,
            184.7
        ],
        [
            618.8,
            186.5
        ],
        [
            606.9,
            192.7
        ],
        [
            618.3,
            187.4
        ],
        [
            619.5,
            187.3
        ]
    ],
    "Particles_Estimated_Position": [
        [
            617.7,
            186.7
        ],
        [
            630.4,
            186.6
        ],
        [
            626.4333333333333,
            187.06666666666666
        ],
        [
            622.4666666666667,
            187.53333333333333
        ],
        [
            618.5,
            188.0
        ],
        [
            617.9,
            188.6
        ],
        [
            618.8,
            187.9
        ],
        [
            617.3,
            188.2
        ],
        [
            627.8,
            184.7
        ],
        [
            618.8,
            186.5
        ],
        [
            606.9,
            192.7
        ],
        [
            618.3,
            187.4
        ],
        [
            619.5,
            187.3
        ]
    ],
    "Particles_Size": [
        9,
        30,
        null,
        null,
        20,
        30,
        25,
        19,
        42,
        22,
        73,
        32,
        35
    ],
    "Particles_Bbox": [
        [
            [
                611,
                179
            ],
            [
                15,
                13
            ]
        ],
        [
            [
                615,
                174
            ],
            [
                38,
                30
            ]
        ],
        null,
        null,
        [
            [
                610,
                177
            ],
            [
                17,
                32
            ]
        ],
        [
            [
                612,
                182
            ],
            [
                14,
                11
            ]
        ],
        [
            [
                612,
                183
            ],
            [
                14,
                10
            ]
        ],
        [
            [
                611,
                175
            ],
            [
                14,
                25
            ]
        ],
        [
            [
                600,
                165
            ],
            [
                54,
                39
            ]
        ],
        [
            [
                610,
                172
            ],
            [
                17,
                26
            ]
        ],
        [
            [
                557,
                171
            ],
            [
                113,
                54
            ]
        ],
        [
            [
                608,
                175
            ],
            [
                27,
                21
            ]
        ],
        [
            [
                611,
                168
            ],
            [
                26,
                36
            ]
        ]
    ],
    "Particles_Max_Intensity": [
        [
            140
        ],
        [
            139
        ],
        null,
        null,
        [
            139
        ],
        [
            144
        ],
        [
            146
        ],
        [
            142
        ],
        [
            141
        ],
        [
            138
        ],
        [
            142
        ],
        [
            141
        ],
        [
            140
        ]
    ],
    "Track_ID": 53,
    "classification": "non-motile",
    "probability_motility": 0.43917433581830734
}