{
    "Times": [
        5,
        6,
        7,
        8,
        9,
        10,
        11,
        12,
        13,
        14,
        15,
        16,
        17,
        18,
        19,
        20,
        21,
        22,
        23,
        24,
        25,
        26,
        27,
        28,
        29,
        30,
        31,
        32
    ],
    "Particles_Position": [
        [
            3.2,
            894.9
        ],
        [
            7.0,
            879.4
        ],
        [
            3.3,
            904.0
        ],
        [
            10.8,
            888.7
        ],
        null,
        [
            6.0,
            899.5
        ],
        [
            3.9,
            896.4
        ],
        [
            6.4,
            898.2
        ],
        [
            9.7,
            887.5
        ],
        [
            4.6,
            901.8
        ],
        [
            11.0,
            891.2
        ],
        null,
        null,
        null,
        [
            2.9,
            905.5
        ],
        [
            6.8,
            893.4
        ],
        null,
        null,
        null,
        null,
        null,
        null,
        null,
        null,
        null,
        null,
        [
            8.4,
            893.1
        ],
        [
            2.1,
            901.3
        ]
    ],
    "Particles_Estimated_Position": [
        [
            3.2,
            894.9
        ],
        [
            7.0,
            879.4
        ],
        [
            3.3,
            904.0
        ],
        [
            10.8,
            888.7
        ],
        [
            8.4,
            894.1
        ],
        [
            6.0,
            899.5
        ],
        [
            3.9,
            896.4
        ],
        [
            6.4,
            898.2
        ],
        [
            9.7,
            887.5
        ],
        [
            4.6,
            901.8
        ],
        [
            11.0,
            891.2
        ],
        [
            8.975,
            894.7750000000001
        ],
        [
            6.95,
            898.35
        ],
        [
            4.925000000000001,
            901.925
        ],
        [
            2.9,
            905.5
        ],
        [
            6.8,
            893.4
        ],
        [
            6.945454545454545,
            893.3727272727273
        ],
        [
            7.090909090909091,
            893.3454545454546
        ],
        [
            7.236363636363636,
            893.3181818181818
        ],
        [
            7.381818181818182,
            893.290909090909
        ],
        [
            7.527272727272727,
            893.2636363636364
        ],
        [
            7.672727272727273,
            893.2363636363636
        ],
        [
            7.818181818181818,
            893.209090909091
        ],
        [
            7.963636363636364,
            893.1818181818182
        ],
        [
            8.10909090909091,
            893.1545454545454
        ],
        [
            8.254545454545454,
            893.1272727272727
        ],
        [
            8.4,
            893.1
        ],
        [
            2.1,
            901.3
        ]
    ],
    "Particles_Size": [
        27,
        24,
        15,
        141,
        null,
        79,
        29,
        73,
        116,
        64,
        212,
        null,
        null,
        null,
        17,
        114,
        null,
        null,
        null,
        null,
        null,
        null,
        null,
        null,
        null,
        null,
        100,
        29
    ],
    "Particles_Bbox": [
        [
            [
                0,
                869
            ],
            [
                11,
                49
            ]
        ],
        [
            [
                0,
                855
            ],
            [
                24,
                50
            ]
        ],
        [
            [
                0,
                890
            ],
            [
                12,
                29
            ]
        ],
        [
            [
                0,
                846
            ],
            [
                48,
                90
            ]
        ],
        null,
        [
            [
                0,
                858
            ],
            [
                24,
                62
            ]
        ],
        [
            [
                0,
                868
            ],
            [
                12,
                51
            ]
        ],
        [
            [
                0,
                859
            ],
            [
                30,
                61
            ]
        ],
        [
            [
                0,
                852
            ],
            [
                44,
                68
            ]
        ],
        [
            [
                0,
                872
            ],
            [
                22,
                48
            ]
        ],
        [
            [
                0,
                846
            ],
            [
                47,
                97
            ]
        ],
        null,
        null,
        null,
        [
            [
                0,
                892
            ],
            [
                11,
                26
            ]
        ],
        [
            [
                0,
                850
            ],
            [
                35,
                70
            ]
        ],
        null,
        null,
        null,
        null,
        null,
        null,
        null,
        null,
        null,
        null,
        [
            [
                0,
                847
            ],
            [
                40,
                82
            ]
        ],
        [
            [
                0,
                879
            ],
            [
                9,
                41
            ]
        ]
    ],
    "Particles_Max_Intensity": [
        [
            120
        ],
        [
            94
        ],
        [
            117
        ],
        [
            118
        ],
        null,
        [
            117
        ],
        [
            118
        ],
        [
            115
        ],
        [
            118
        ],
        [
            118
        ],
        [
            118
        ],
        null,
        null,
        null,
        [
            119
        ],
        [
            118
        ],
        null,
        null,
        null,
        null,
        null,
        null,
        null,
        null,
        null,
        null,
        [
            118
        ],
        [
            109
        ]
    ],
    "Track_ID": 1,
    "classification": "non-motile",
    "probability_motility": 0.3782631137635644
}