{
    "Times": [
        79,
        80,
        81,
        82,
        83,
        84,
        85,
        86,
        87,
        88,
        89,
        90,
        91
    ],
    "Particles_Position": [
        [
            309.4,
            780.3
        ],
        [
            305.6,
            781.5
        ],
        [
            295.3,
            789.1
        ],
        [
            290.1,
            796.9
        ],
        [
            285.4,
            800.6
        ],
        [
            283.0,
            803.0
        ],
        [
            277.5,
            802.4
        ],
        [
            280.0,
            802.4
        ],
        [
            257.0,
            819.5
        ],
        null,
        null,
        [
            265.2,
            816.6
        ],
        [
            274.0,
            806.3
        ]
    ],
    "Particles_Estimated_Position": [
        [
            309.4,
            780.3
        ],
        [
            305.6,
            781.5
        ],
        [
            295.3,
            789.1
        ],
        [
            290.1,
            796.9
        ],
        [
            285.4,
            800.6
        ],
        [
            283.0,
            803.0
        ],
        [
            277.5,
            802.4
        ],
        [
            280.0,
            802.4
        ],
        [
            257.0,
            819.5
        ],
        [
            259.73333333333335,
            818.5333333333333
        ],
        [
            262.46666666666664,
            817.5666666666667
        ],
        [
            265.2,
            816.6
        ],
        [
            274.0,
            806.3
        ]
    ],
    "Particles_Size": [
        39,
        29,
        23,
        32,
        29,
        38,
        33,
        45,
        21,
        null,
        null,
        22,
        28
    ],
    "Particles_Bbox": [
        [
            [
                294,
                768
            ],
            [
                25,
                32
            ]
        ],
        [
            [
                295,
                771
            ],
            [
                19,
                20
            ]
        ],
        [
            [
                287,
                776
            ],
            [
                20,
                25
            ]
        ],
        [
            [
                280,
                782
            ],
            [
                19,
                22
            ]
        ],
        [
            [
                275,
                787
            ],
            [
                24,
                20
            ]
        ],
        [
            [
                271,
                795
            ],
            [
                22,
                15
            ]
        ],
        [
            [
                265,
                792
            ],
            [
                21,
                25
            ]
        ],
        [
            [
                268,
                790
            ],
            [
                22,
                23
            ]
        ],
        [
            [
                246,
                816
            ],
            [
                21,
                13
            ]
        ],
        null,
        null,
        [
            [
                251,
                806
            ],
            [
                24,
                19
            ]
        ],
        [
            [
                261,
                795
            ],
            [
                21,
                23
            ]
        ]
    ],
    "Particles_Max_Intensity": [
        [
            110
        ],
        [
            111
        ],
        [
            113
        ],
        [
            93
        ],
        [
            92
        ],
        [
            89
        ],
        [
            98
        ],
        [
            93
        ],
        [
            96
        ],
        null,
        null,
        [
            96
        ],
        [
            88
        ]
    ],
    "Track_ID": 14,
    "classification": "non-motile",
    "probability_motility": 0.22238579503824624
}