{
    "Times": [
        2,
        3,
        4,
        5,
        6,
        7,
        8,
        9,
        10,
        11,
        12,
        13,
        14
    ],
    "Particles_Position": [
        [
            24.9,
            265.5
        ],
        [
            28.8,
            255.5
        ],
        [
            21.3,
            259.0
        ],
        [
            6.5,
            237.9
        ],
        [
            3.2,
            239.5
        ],
        null,
        null,
        null,
        [
            18.1,
            259.8
        ],
        [
            41.7,
            269.5
        ],
        [
            34.3,
            265.3
        ],
        [
            36.7,
            264.9
        ],
        [
            39.5,
            265.3
        ]
    ],
    "Particles_Estimated_Position": [
        [
            24.9,
            265.5
        ],
        [
            28.8,
            255.5
        ],
        [
            21.3,
            259.0
        ],
        [
            6.5,
            237.9
        ],
        [
            3.2,
            239.5
        ],
        [
            6.925000000000001,
            244.575
        ],
        [
            10.650000000000002,
            249.65
        ],
        [
            14.375,
            254.72500000000002
        ],
        [
            18.1,
            259.8
        ],
        [
            41.7,
            269.5
        ],
        [
            34.3,
            265.3
        ],
        [
            36.7,
            264.9
        ],
        [
            39.5,
            265.3
        ]
    ],
    "Particles_Size": [
        123,
        109,
        101,
        43,
        17,
        null,
        null,
        null,
        111,
        135,
        112,
        107,
        123
    ],
    "Particles_Bbox": [
        [
            [
                0,
                218
            ],
            [
                49,
                109
            ]
        ],
        [
            [
                17,
                220
            ],
            [
                25,
                95
            ]
        ],
        [
            [
                0,
                207
            ],
            [
                49,
                116
            ]
        ],
        [
            [
                0,
                215
            ],
            [
                14,
                37
            ]
        ],
        [
            [
                0,
                234
            ],
            [
                6,
                11
            ]
        ],
        null,
        null,
        null,
        [
            [
                0,
                207
            ],
            [
                50,
                121
            ]
        ],
        [
            [
                16,
                237
            ],
            [
                40,
                66
            ]
        ],
        [
            [
                15,
                227
            ],
            [
                31,
                80
            ]
        ],
        [
            [
                19,
                230
            ],
            [
                31,
                76
            ]
        ],
        [
            [
                12,
                234
            ],
            [
                41,
                73
            ]
        ]
    ],
    "Particles_Max_Intensity": [
        [
            127
        ],
        [
            127
        ],
        [
            129
        ],
        [
            107
        ],
        [
            92
        ],
        null,
        null,
        null,
        [
            131
        ],
        [
            127
        ],
        [
            132
        ],
        [
            131
        ],
        [
            132
        ]
    ],
    "Track_ID": 28,
    "classification": "non-motile",
    "probability_motility": 0.3930911370546806
}