{
    "Times": [
        18,
        19,
        20,
        21,
        22,
        23,
        24,
        25,
        26,
        27,
        28,
        29,
        30,
        31,
        32,
        33,
        34,
        35,
        36,
        37,
        38,
        39
    ],
    "Particles_Position": [
        [
            250.0,
            17.1
        ],
        [
            253.2,
            15.6
        ],
        null,
        null,
        null,
        [
            252.9,
            16.2
        ],
        [
            254.6,
            10.2
        ],
        [
            252.5,
            15.8
        ],
        [
            253.3,
            9.2
        ],
        null,
        [
            252.7,
            16.3
        ],
        [
            249.0,
            12.5
        ],
        [
            255.4,
            10.5
        ],
        [
            249.4,
            12.4
        ],
        [
            251.2,
            13.1
        ],
        [
            249.7,
            14.5
        ],
        [
            252.0,
            14.1
        ],
        null,
        null,
        null,
        [
            252.8,
            14.2
        ],
        [
            252.8,
            16.8
        ]
    ],
    "Particles_Estimated_Position": [
        [
            250.0,
            17.1
        ],
        [
            253.2,
            15.6
        ],
        [
            253.125,
            15.75
        ],
        [
            253.05,
            15.899999999999999
        ],
        [
            252.975,
            16.05
        ],
        [
            252.9,
            16.2
        ],
        [
            254.6,
            10.2
        ],
        [
            252.5,
            15.8
        ],
        [
            253.3,
            9.2
        ],
        [
            253.0,
            12.75
        ],
        [
            252.7,
            16.3
        ],
        [
            249.0,
            12.5
        ],
        [
            255.4,
            10.5
        ],
        [
            249.4,
            12.4
        ],
        [
            251.2,
            13.1
        ],
        [
            249.7,
            14.5
        ],
        [
            252.0,
            14.1
        ],
        [
            252.2,
            14.125
        ],
        [
            252.4,
            14.149999999999999
        ],
        [
            252.60000000000002,
            14.174999999999999
        ],
        [
            252.8,
            14.2
        ],
        [
            252.8,
            16.8
        ]
    ],
    "Particles_Size": [
        15,
        13,
        null,
        null,
        null,
        8,
        5,
        11,
        6,
        null,
        6,
        10,
        8,
        8,
        8,
        6,
        7,
        null,
        null,
        null,
        13,
        8
    ],
    "Particles_Bbox": [
        [
            [
                229,
                5
            ],
            [
                33,
                35
            ]
        ],
        [
            [
                239,
                7
            ],
            [
                22,
                30
            ]
        ],
        null,
        null,
        null,
        [
            [
                250,
                15
            ],
            [
                6,
                2
            ]
        ],
        [
            [
                254,
                9
            ],
            [
                1,
                2
            ]
        ],
        [
            [
                248,
                14
            ],
            [
                9,
                3
            ]
        ],
        [
            [
                247,
                0
            ],
            [
                8,
                15
            ]
        ],
        null,
        [
            [
                250,
                15
            ],
            [
                6,
                2
            ]
        ],
        [
            [
                236,
                0
            ],
            [
                18,
                20
            ]
        ],
        [
            [
                251,
                8
            ],
            [
                14,
                7
            ]
        ],
        [
            [
                230,
                7
            ],
            [
                30,
                11
            ]
        ],
        [
            [
                246,
                0
            ],
            [
                10,
                17
            ]
        ],
        [
            [
                238,
                0
            ],
            [
                18,
                21
            ]
        ],
        [
            [
                247,
                9
            ],
            [
                10,
                8
            ]
        ],
        null,
        null,
        null,
        [
            [
                247,
                0
            ],
            [
                14,
                20
            ]
        ],
        [
            [
                250,
                15
            ],
            [
                6,
                5
            ]
        ]
    ],
    "Particles_Max_Intensity": [
        [
            115
        ],
        [
            104
        ],
        null,
        null,
        null,
        [
            108
        ],
        [
            97
        ],
        [
            105
        ],
        [
            97
        ],
        null,
        [
            107
        ],
        [
            109
        ],
        [
            99
        ],
        [
            104
        ],
        [
            108
        ],
        [
            104
        ],
        [
            103
        ],
        null,
        null,
        null,
        [
            104
        ],
        [
            106
        ]
    ],
    "Track_ID": 40,
    "classification": "non-motile",
    "probability_motility": 0.34899040722034297
}