{
    "Times": [
        38,
        39,
        40,
        41,
        42,
        43,
        44,
        45,
        46,
        47,
        48,
        49,
        50,
        51,
        52,
        53,
        54,
        55,
        56
    ],
    "Particles_Position": [
        [
            196.0,
            261.8
        ],
        [
            192.4,
            255.1
        ],
        [
            184.9,
            270.9
        ],
        [
            188.9,
            266.5
        ],
        [
            181.8,
            271.8
        ],
        [
            176.9,
            287.0
        ],
        [
            182.2,
            276.9
        ],
        [
            179.5,
            280.4
        ],
        [
            171.4,
            293.1
        ],
        [
            176.4,
            294.5
        ],
        [
            167.1,
            304.0
        ],
        [
            169.9,
            302.4
        ],
        null,
        null,
        null,
        [
            157.7,
            308.7
        ],
        [
            157.3,
            320.0
        ],
        [
            154.8,
            322.6
        ],
        [
            154.0,
            327.0
        ]
    ],
    "Particles_Estimated_Position": [
        [
            196.0,
            261.8
        ],
        [
            192.4,
            255.1
        ],
        [
            184.9,
            270.9
        ],
        [
            188.9,
            266.5
        ],
        [
            181.8,
            271.8
        ],
        [
            176.9,
            287.0
        ],
        [
            182.2,
            276.9
        ],
        [
            179.5,
            280.4
        ],
        [
            171.4,
            293.1
        ],
        [
            176.4,
            294.5
        ],
        [
            167.1,
            304.0
        ],
        [
            169.9,
            302.4
        ],
        [
            166.85,
            303.97499999999997
        ],
        [
            163.8,
            305.54999999999995
        ],
        [
            160.75,
            307.125
        ],
        [
            157.7,
            308.7
        ],
        [
            157.3,
            320.0
        ],
        [
            154.8,
            322.6
        ],
        [
            154.0,
            327.0
        ]
    ],
    "Particles_Size": [
        6,
        15,
        24,
        13,
        21,
        7,
        17,
        8,
        14,
        11,
        8,
        8,
        null,
        null,
        null,
        7,
        13,
        8,
        23
    ],
    "Particles_Bbox": [
        [
            [
                189,
                259
            ],
            [
                19,
                12
            ]
        ],
        [
            [
                182,
                244
            ],
            [
                18,
                18
            ]
        ],
        [
            [
                176,
                261
            ],
            [
                14,
                19
            ]
        ],
        [
            [
                184,
                256
            ],
            [
                23,
                15
            ]
        ],
        [
            [
                173,
                264
            ],
            [
                17,
                19
            ]
        ],
        [
            [
                174,
                283
            ],
            [
                8,
                11
            ]
        ],
        [
            [
                174,
                265
            ],
            [
                13,
                20
            ]
        ],
        [
            [
                176,
                271
            ],
            [
                6,
                19
            ]
        ],
        [
            [
                168,
                283
            ],
            [
                6,
                20
            ]
        ],
        [
            [
                173,
                280
            ],
            [
                6,
                19
            ]
        ],
        [
            [
                164,
                290
            ],
            [
                6,
                25
            ]
        ],
        [
            [
                167,
                288
            ],
            [
                6,
                24
            ]
        ],
        null,
        null,
        null,
        [
            [
                156,
                306
            ],
            [
                4,
                14
            ]
        ],
        [
            [
                154,
                308
            ],
            [
                6,
                27
            ]
        ],
        [
            [
                151,
                314
            ],
            [
                6,
                14
            ]
        ],
        [
            [
                148,
                315
            ],
            [
                11,
                23
            ]
        ]
    ],
    "Particles_Max_Intensity": [
        [
            130
        ],
        [
            120
        ],
        [
            126
        ],
        [
            121
        ],
        [
            119
        ],
        [
            109
        ],
        [
            118
        ],
        [
            112
        ],
        [
            112
        ],
        [
            121
        ],
        [
            105
        ],
        [
            123
        ],
        null,
        null,
        null,
        [
            108
        ],
        [
            115
        ],
        [
            122
        ],
        [
            125
        ]
    ],
    "Track_ID": 56,
    "classification": "motile",
    "probability_motility": 0.7388922979335805
}