{
    "Times": [
        170,
        171,
        172,
        173,
        174,
        175,
        176,
        177,
        178,
        179,
        180,
        181,
        182,
        183,
        184,
        185,
        186
    ],
    "Particles_Position": [
        [
            825.0,
            222.4
        ],
        [
            824.2,
            222.3
        ],
        null,
        null,
        null,
        null,
        [
            822.8,
            222.3
        ],
        [
            822.9,
            222.4
        ],
        [
            822.5,
            220.2
        ],
        [
            822.1,
            221.9
        ],
        [
            822.0,
            222.8
        ],
        [
            822.3,
            223.7
        ],
        [
            821.8,
            224.3
        ],
        [
            823.8,
            222.1
        ],
        [
            823.4,
            222.2
        ],
        [
            823.4,
            222.9
        ],
        [
            824.6,
            222.2
        ]
    ],
    "Particles_Estimated_Position": [
        [
            825.0,
            222.4
        ],
        [
            824.2,
            222.3
        ],
        [
            823.9200000000001,
            222.3
        ],
        [
            823.64,
            222.3
        ],
        [
            823.36,
            222.3
        ],
        [
            823.0799999999999,
            222.3
        ],
        [
            822.8,
            222.3
        ],
        [
            822.9,
            222.4
        ],
        [
            822.5,
            220.2
        ],
        [
            822.1,
            221.9
        ],
        [
            822.0,
            222.8
        ],
        [
            822.3,
            223.7
        ],
        [
            821.8,
            224.3
        ],
        [
            823.8,
            222.1
        ],
        [
            823.4,
            222.2
        ],
        [
            823.4,
            222.9
        ],
        [
            824.6,
            222.2
        ]
    ],
    "Particles_Size": [
        9,
        9,
        null,
        null,
        null,
        null,
        11,
        9,
        8,
        11,
        12,
        9,
        12,
        13,
        9,
        8,
        8
    ],
    "Particles_Bbox": [
        [
            [
                818,
                218
            ],
            [
                12,
                8
            ]
        ],
        [
            [
                818,
                218
            ],
            [
                12,
                7
            ]
        ],
        null,
        null,
        null,
        null,
        [
            [
                817,
                218
            ],
            [
                13,
                10
            ]
        ],
        [
            [
                817,
                210
            ],
            [
                12,
                17
            ]
        ],
        [
            [
                818,
                212
            ],
            [
                12,
                14
            ]
        ],
        [
            [
                818,
                210
            ],
            [
                11,
                18
            ]
        ],
        [
            [
                818,
                217
            ],
            [
                12,
                12
            ]
        ],
        [
            [
                818,
                218
            ],
            [
                12,
                11
            ]
        ],
        [
            [
                818,
                210
            ],
            [
                11,
                19
            ]
        ],
        [
            [
                818,
                210
            ],
            [
                12,
                19
            ]
        ],
        [
            [
                818,
                210
            ],
            [
                12,
                19
            ]
        ],
        [
            [
                820,
                214
            ],
            [
                10,
                13
            ]
        ],
        [
            [
                821,
                213
            ],
            [
                10,
                16
            ]
        ]
    ],
    "Particles_Max_Intensity": [
        [
            117
        ],
        [
            117
        ],
        null,
        null,
        null,
        null,
        [
            117
        ],
        [
            116
        ],
        [
            117
        ],
        [
            118
        ],
        [
            118
        ],
        [
            118
        ],
        [
            119
        ],
        [
            118
        ],
        [
            117
        ],
        [
            100
        ],
        [
            114
        ]
    ],
    "Track_ID": 128,
    "classification": "non-motile",
    "probability_motility": 0.4260348445977771
}