{
    "Times": [
        178,
        179,
        180,
        181,
        182,
        183,
        184,
        185,
        186,
        187,
        188,
        189,
        190,
        191,
        192,
        193,
        194
    ],
    "Particles_Position": [
        [
            378.6,
            865.9
        ],
        [
            380.4,
            862.1
        ],
        [
            379.2,
            861.1
        ],
        [
            380.2,
            861.9
        ],
        [
            380.3,
            858.0
        ],
        [
            378.5,
            861.4
        ],
        [
            380.5,
            856.6
        ],
        null,
        null,
        null,
        null,
        null,
        [
            375.5,
            854.8
        ],
        [
            374.7,
            856.8
        ],
        [
            377.5,
            855.0
        ],
        [
            378.1,
            861.5
        ],
        [
            378.1,
            859.7
        ]
    ],
    "Particles_Estimated_Position": [
        [
            378.6,
            865.9
        ],
        [
            380.4,
            862.1
        ],
        [
            379.2,
            861.1
        ],
        [
            380.2,
            861.9
        ],
        [
            380.3,
            858.0
        ],
        [
            378.5,
            861.4
        ],
        [
            380.5,
            856.6
        ],
        [
            379.6666666666667,
            856.3
        ],
        [
            378.8333333333333,
            856.0
        ],
        [
            378.0,
            855.7
        ],
        [
            377.1666666666667,
            855.4
        ],
        [
            376.3333333333333,
            855.0999999999999
        ],
        [
            375.5,
            854.8
        ],
        [
            374.7,
            856.8
        ],
        [
            377.5,
            855.0
        ],
        [
            378.1,
            861.5
        ],
        [
            378.1,
            859.7
        ]
    ],
    "Particles_Size": [
        8,
        7,
        13,
        12,
        9,
        13,
        11,
        null,
        null,
        null,
        null,
        null,
        6,
        13,
        8,
        8,
        10
    ],
    "Particles_Bbox": [
        [
            [
                374,
                857
            ],
            [
                8,
                15
            ]
        ],
        [
            [
                374,
                857
            ],
            [
                11,
                12
            ]
        ],
        [
            [
                369,
                854
            ],
            [
                17,
                15
            ]
        ],
        [
            [
                374,
                847
            ],
            [
                21,
                22
            ]
        ],
        [
            [
                369,
                854
            ],
            [
                23,
                14
            ]
        ],
        [
            [
                369,
                854
            ],
            [
                17,
                15
            ]
        ],
        [
            [
                369,
                852
            ],
            [
                26,
                10
            ]
        ],
        null,
        null,
        null,
        null,
        null,
        [
            [
                367,
                853
            ],
            [
                12,
                4
            ]
        ],
        [
            [
                364,
                850
            ],
            [
                16,
                22
            ]
        ],
        [
            [
                367,
                850
            ],
            [
                25,
                14
            ]
        ],
        [
            [
                368,
                850
            ],
            [
                18,
                22
            ]
        ],
        [
            [
                367,
                850
            ],
            [
                19,
                22
            ]
        ]
    ],
    "Particles_Max_Intensity": [
        [
            107
        ],
        [
            105
        ],
        [
            106
        ],
        [
            104
        ],
        [
            108
        ],
        [
            106
        ],
        [
            111
        ],
        null,
        null,
        null,
        null,
        null,
        [
            103
        ],
        [
            109
        ],
        [
            108
        ],
        [
            107
        ],
        [
            105
        ]
    ],
    "Track_ID": 141,
    "classification": "non-motile",
    "probability_motility": 0.3744033078400447
}