{
    "Times": [
        270,
        271,
        272,
        273,
        274,
        275,
        276,
        277,
        278,
        279,
        280,
        281,
        282,
        283,
        284,
        285
    ],
    "Particles_Position": [
        [
            8.4,
            447.9
        ],
        [
            8.0,
            446.8
        ],
        null,
        null,
        null,
        [
            8.2,
            445.7
        ],
        [
            8.2,
            447.5
        ],
        [
            9.6,
            447.1
        ],
        [
            9.7,
            451.0
        ],
        [
            8.7,
            452.0
        ],
        null,
        null,
        [
            9.7,
            450.3
        ],
        [
            9.5,
            452.8
        ],
        [
            9.8,
            445.7
        ],
        [
            8.4,
            450.1
        ]
    ],
    "Particles_Estimated_Position": [
        [
            8.4,
            447.9
        ],
        [
            8.0,
            446.8
        ],
        [
            8.05,
            446.525
        ],
        [
            8.1,
            446.25
        ],
        [
            8.149999999999999,
            445.975
        ],
        [
            8.2,
            445.7
        ],
        [
            8.2,
            447.5
        ],
        [
            9.6,
            447.1
        ],
        [
            9.7,
            451.0
        ],
        [
            8.7,
            452.0
        ],
        [
            9.033333333333333,
            451.43333333333334
        ],
        [
            9.366666666666665,
            450.8666666666667
        ],
        [
            9.7,
            450.3
        ],
        [
            9.5,
            452.8
        ],
        [
            9.8,
            445.7
        ],
        [
            8.4,
            450.1
        ]
    ],
    "Particles_Size": [
        7,
        8,
        null,
        null,
        null,
        6,
        6,
        9,
        12,
        11,
        null,
        null,
        7,
        8,
        9,
        9
    ],
    "Particles_Bbox": [
        [
            [
                6,
                444
            ],
            [
                5,
                6
            ]
        ],
        [
            [
                6,
                444
            ],
            [
                5,
                6
            ]
        ],
        null,
        null,
        null,
        [
            [
                6,
                438
            ],
            [
                5,
                12
            ]
        ],
        [
            [
                6,
                440
            ],
            [
                5,
                10
            ]
        ],
        [
            [
                7,
                440
            ],
            [
                5,
                10
            ]
        ],
        [
            [
                5,
                442
            ],
            [
                7,
                24
            ]
        ],
        [
            [
                5,
                440
            ],
            [
                7,
                26
            ]
        ],
        null,
        null,
        [
            [
                6,
                448
            ],
            [
                6,
                8
            ]
        ],
        [
            [
                6,
                448
            ],
            [
                6,
                18
            ]
        ],
        [
            [
                6,
                428
            ],
            [
                6,
                22
            ]
        ],
        [
            [
                6,
                447
            ],
            [
                6,
                9
            ]
        ]
    ],
    "Particles_Max_Intensity": [
        [
            118
        ],
        [
            118
        ],
        null,
        null,
        null,
        [
            120
        ],
        [
            117
        ],
        [
            109
        ],
        [
            113
        ],
        [
            111
        ],
        null,
        null,
        [
            104
        ],
        [
            110
        ],
        [
            116
        ],
        [
            104
        ]
    ],
    "Track_ID": 182,
    "classification": "non-motile",
    "probability_motility": 0.4007242652852777
}