{
    "Times": [
        46,
        47,
        48,
        49,
        50,
        51,
        52,
        53,
        54,
        55,
        56,
        57,
        58,
        59,
        60,
        61,
        62
    ],
    "Particles_Position": [
        [
            502.3,
            665.5
        ],
        [
            505.9,
            661.7
        ],
        null,
        [
            490.0,
            653.9
        ],
        [
            489.5,
            684.6
        ],
        [
            501.0,
            668.6
        ],
        null,
        null,
        [
            499.6,
            671.6
        ],
        [
            511.2,
            657.6
        ],
        [
            501.9,
            666.7
        ],
        [
            497.0,
            658.9
        ],
        [
            498.2,
            664.4
        ],
        [
            496.8,
            665.9
        ],
        [
            497.8,
            663.4
        ],
        [
            497.6,
            666.1
        ],
        [
            501.9,
            664.9
        ]
    ],
    "Particles_Estimated_Position": [
        [
            502.3,
            665.5
        ],
        [
            505.9,
            661.7
        ],
        [
            497.95,
            657.8
        ],
        [
            490.0,
            653.9
        ],
        [
            489.5,
            684.6
        ],
        [
            501.0,
            668.6
        ],
        [
            500.53333333333336,
            669.6
        ],
        [
            500.06666666666666,
            670.6
        ],
        [
            499.6,
            671.6
        ],
        [
            511.2,
            657.6
        ],
        [
            501.9,
            666.7
        ],
        [
            497.0,
            658.9
        ],
        [
            498.2,
            664.4
        ],
        [
            496.8,
            665.9
        ],
        [
            497.8,
            663.4
        ],
        [
            497.6,
            666.1
        ],
        [
            501.9,
            664.9
        ]
    ],
    "Particles_Size": [
        94,
        98,
        null,
        102,
        291,
        84,
        null,
        null,
        71,
        55,
        80,
        85,
        97,
        93,
        85,
        68,
        105
    ],
    "Particles_Bbox": [
        [
            [
                476,
                636
            ],
            [
                52,
                61
            ]
        ],
        [
            [
                483,
                628
            ],
            [
                46,
                60
            ]
        ],
        null,
        [
            [
                452,
                628
            ],
            [
                76,
                48
            ]
        ],
        [
            [
                452,
                627
            ],
            [
                79,
                110
            ]
        ],
        [
            [
                467,
                645
            ],
            [
                60,
                52
            ]
        ],
        null,
        null,
        [
            [
                473,
                643
            ],
            [
                51,
                54
            ]
        ],
        [
            [
                488,
                638
            ],
            [
                45,
                43
            ]
        ],
        [
            [
                480,
                641
            ],
            [
                44,
                52
            ]
        ],
        [
            [
                472,
                633
            ],
            [
                52,
                53
            ]
        ],
        [
            [
                476,
                638
            ],
            [
                50,
                58
            ]
        ],
        [
            [
                465,
                640
            ],
            [
                61,
                51
            ]
        ],
        [
            [
                468,
                638
            ],
            [
                57,
                50
            ]
        ],
        [
            [
                471,
                646
            ],
            [
                52,
                35
            ]
        ],
        [
            [
                472,
                637
            ],
            [
                57,
                55
            ]
        ]
    ],
    "Particles_Max_Intensity": [
        [
            66
        ],
        [
            60
        ],
        null,
        [
            67
        ],
        [
            66
        ],
        [
            59
        ],
        null,
        null,
        [
            59
        ],
        [
            60
        ],
        [
            61
        ],
        [
            66
        ],
        [
            61
        ],
        [
            59
        ],
        [
            59
        ],
        [
            59
        ],
        [
            67
        ]
    ],
    "Track_ID": 10,
    "classification": "non-motile",
    "probability_motility": 0.3547471233886024
}