{
    "Times": [
        55,
        56,
        57,
        58,
        59,
        60,
        61,
        62,
        63,
        64,
        65,
        66,
        67,
        68,
        69,
        70,
        71
    ],
    "Particles_Position": [
        [
            57.1,
            688.9
        ],
        [
            53.3,
            690.0
        ],
        [
            50.5,
            693.7
        ],
        [
            59.6,
            686.5
        ],
        [
            42.2,
            695.1
        ],
        [
            53.2,
            688.7
        ],
        [
            40.0,
            694.8
        ],
        [
            56.2,
            688.7
        ],
        [
            48.5,
            690.0
        ],
        [
            49.8,
            691.3
        ],
        [
            50.2,
            693.8
        ],
        null,
        null,
        [
            51.7,
            694.3
        ],
        [
            47.9,
            690.5
        ],
        [
            31.1,
            694.7
        ],
        [
            57.9,
            692.7
        ]
    ],
    "Particles_Estimated_Position": [
        [
            57.1,
            688.9
        ],
        [
            53.3,
            690.0
        ],
        [
            50.5,
            693.7
        ],
        [
            59.6,
            686.5
        ],
        [
            42.2,
            695.1
        ],
        [
            53.2,
            688.7
        ],
        [
            40.0,
            694.8
        ],
        [
            56.2,
            688.7
        ],
        [
            48.5,
            690.0
        ],
        [
            49.8,
            691.3
        ],
        [
            50.2,
            693.8
        ],
        [
            50.7,
            693.9666666666666
        ],
        [
            51.2,
            694.1333333333333
        ],
        [
            51.7,
            694.3
        ],
        [
            47.9,
            690.5
        ],
        [
            31.1,
            694.7
        ],
        [
            57.9,
            692.7
        ]
    ],
    "Particles_Size": [
        85,
        63,
        93,
        104,
        84,
        83,
        122,
        116,
        44,
        124,
        55,
        null,
        null,
        90,
        86,
        84,
        77
    ],
    "Particles_Bbox": [
        [
            [
                27,
                665
            ],
            [
                64,
                52
            ]
        ],
        [
            [
                28,
                670
            ],
            [
                53,
                39
            ]
        ],
        [
            [
                23,
                668
            ],
            [
                61,
                49
            ]
        ],
        [
            [
                26,
                657
            ],
            [
                65,
                54
            ]
        ],
        [
            [
                6,
                671
            ],
            [
                66,
                46
            ]
        ],
        [
            [
                22,
                668
            ],
            [
                63,
                42
            ]
        ],
        [
            [
                3,
                668
            ],
            [
                78,
                58
            ]
        ],
        [
            [
                22,
                663
            ],
            [
                70,
                52
            ]
        ],
        [
            [
                28,
                674
            ],
            [
                42,
                29
            ]
        ],
        [
            [
                7,
                657
            ],
            [
                77,
                66
            ]
        ],
        [
            [
                27,
                679
            ],
            [
                46,
                31
            ]
        ],
        null,
        null,
        [
            [
                23,
                673
            ],
            [
                56,
                46
            ]
        ],
        [
            [
                15,
                667
            ],
            [
                65,
                47
            ]
        ],
        [
            [
                3,
                671
            ],
            [
                59,
                48
            ]
        ],
        [
            [
                29,
                666
            ],
            [
                56,
                53
            ]
        ]
    ],
    "Particles_Max_Intensity": [
        [
            59
        ],
        [
            59
        ],
        [
            60
        ],
        [
            60
        ],
        [
            59
        ],
        [
            59
        ],
        [
            59
        ],
        [
            60
        ],
        [
            57
        ],
        [
            58
        ],
        [
            59
        ],
        null,
        null,
        [
            59
        ],
        [
            59
        ],
        [
            59
        ],
        [
            59
        ]
    ],
    "Track_ID": 17,
    "classification": "non-motile",
    "probability_motility": 0.3662145984711152
}