{
    "Times": [
        49,
        50,
        51,
        52,
        53,
        54,
        55,
        56,
        57,
        58,
        59,
        60,
        61,
        62,
        63,
        64,
        65,
        66,
        67,
        68,
        69,
        70,
        71,
        72,
        73,
        74,
        75
    ],
    "Particles_Position": [
        [
            925.2,
            954.4
        ],
        [
            951.3,
            953.4
        ],
        [
            958.6,
            964.7
        ],
        [
            969.6,
            945.4
        ],
        null,
        null,
        [
            945.1,
            963.2
        ],
        [
            940.0,
            951.6
        ],
        [
            961.0,
            961.9
        ],
        [
            951.3,
            968.5
        ],
        [
            955.1,
            966.1
        ],
        [
            937.6,
            976.9
        ],
        [
            941.3,
            977.5
        ],
        [
            953.1,
            976.1
        ],
        [
            930.2,
            961.8
        ],
        [
            926.5,
            976.3
        ],
        [
            923.5,
            974.0
        ],
        [
            924.5,
            976.3
        ],
        [
            916.0,
            976.8
        ],
        [
            911.3,
            983.8
        ],
        [
            914.2,
            979.5
        ],
        [
            931.0,
            988.8
        ],
        [
            915.9,
            980.7
        ],
        [
            900.4,
            991.2
        ],
        [
            897.6,
            986.5
        ],
        [
            922.9,
            989.2
        ],
        [
            943.4,
            1004.4
        ]
    ],
    "Particles_Estimated_Position": [
        [
            925.2,
            954.4
        ],
        [
            951.3,
            953.4
        ],
        [
            958.6,
            964.7
        ],
        [
            969.6,
            945.4
        ],
        [
            961.4333333333334,
            951.3333333333334
        ],
        [
            953.2666666666667,
            957.2666666666667
        ],
        [
            945.1,
            963.2
        ],
        [
            940.0,
            951.6
        ],
        [
            961.0,
            961.9
        ],
        [
            951.3,
            968.5
        ],
        [
            955.1,
            966.1
        ],
        [
            937.6,
            976.9
        ],
        [
            941.3,
            977.5
        ],
        [
            953.1,
            976.1
        ],
        [
            930.2,
            961.8
        ],
        [
            926.5,
            976.3
        ],
        [
            923.5,
            974.0
        ],
        [
            924.5,
            976.3
        ],
        [
            916.0,
            976.8
        ],
        [
            911.3,
            983.8
        ],
        [
            914.2,
            979.5
        ],
        [
            931.0,
            988.8
        ],
        [
            915.9,
            980.7
        ],
        [
            900.4,
            991.2
        ],
        [
            897.6,
            986.5
        ],
        [
            922.9,
            989.2
        ],
        [
            943.4,
            1004.4
        ]
    ],
    "Particles_Size": [
        253,
        109,
        717,
        387,
        null,
        null,
        846,
        283,
        695,
        498,
        523,
        423,
        506,
        650,
        264,
        390,
        309,
        314,
        337,
        373,
        365,
        526,
        548,
        413,
        367,
        559,
        65
    ],
    "Particles_Bbox": [
        [
            [
                873,
                904
            ],
            [
                96,
                102
            ]
        ],
        [
            [
                924,
                918
            ],
            [
                52,
                75
            ]
        ],
        [
            [
                872,
                888
            ],
            [
                151,
                135
            ]
        ],
        [
            [
                925,
                867
            ],
            [
                94,
                153
            ]
        ],
        null,
        null,
        [
            [
                839,
                871
            ],
            [
                184,
                152
            ]
        ],
        [
            [
                875,
                916
            ],
            [
                117,
                69
            ]
        ],
        [
            [
                873,
                872
            ],
            [
                150,
                151
            ]
        ],
        [
            [
                881,
                905
            ],
            [
                139,
                118
            ]
        ],
        [
            [
                882,
                908
            ],
            [
                140,
                115
            ]
        ],
        [
            [
                887,
                927
            ],
            [
                114,
                96
            ]
        ],
        [
            [
                868,
                918
            ],
            [
                155,
                105
            ]
        ],
        [
            [
                871,
                911
            ],
            [
                152,
                112
            ]
        ],
        [
            [
                874,
                921
            ],
            [
                117,
                78
            ]
        ],
        [
            [
                871,
                923
            ],
            [
                116,
                100
            ]
        ],
        [
            [
                875,
                922
            ],
            [
                93,
                100
            ]
        ],
        [
            [
                874,
                924
            ],
            [
                113,
                97
            ]
        ],
        [
            [
                868,
                923
            ],
            [
                103,
                98
            ]
        ],
        [
            [
                870,
                925
            ],
            [
                105,
                98
            ]
        ],
        [
            [
                870,
                921
            ],
            [
                101,
                102
            ]
        ],
        [
            [
                866,
                929
            ],
            [
                157,
                94
            ]
        ],
        [
            [
                858,
                921
            ],
            [
                137,
                102
            ]
        ],
        [
            [
                852,
                934
            ],
            [
                115,
                89
            ]
        ],
        [
            [
                850,
                933
            ],
            [
                90,
                90
            ]
        ],
        [
            [
                863,
                925
            ],
            [
                160,
                98
            ]
        ],
        [
            [
                920,
                978
            ],
            [
                44,
                45
            ]
        ]
    ],