{
    "Times": [
        61,
        62,
        63,
        64,
        65,
        66,
        67,
        68,
        69,
        70,
        71,
        72,
        73,
        74,
        75,
        76,
        77,
        78,
        79,
        80,
        81,
        82,
        83,
        84
    ],
    "Particles_Position": [
        [
            795.9,
            311.6
        ],
        [
            822.8,
            302.7
        ],
        null,
        [
            823.0,
            302.4
        ],
        [
            820.0,
            302.7
        ],
        [
            826.1,
            302.5
        ],
        [
            811.0,
            300.7
        ],
        [
            826.6,
            304.8
        ],
        [
            819.0,
            300.3
        ],
        null,
        null,
        null,
        null,
        null,
        [
            804.5,
            302.9
        ],
        [
            816.4,
            297.1
        ],
        [
            827.1,
            271.8
        ],
        [
            812.4,
            306.7
        ],
        [
            820.8,
            302.6
        ],
        [
            793.8,
            309.6
        ],
        [
            802.8,
            315.9
        ],
        [
            828.5,
            300.5
        ],
        [
            809.7,
            297.2
        ],
        [
            803.6,
            297.1
        ]
    ],
    "Particles_Estimated_Position": [
        [
            795.9,
            311.6
        ],
        [
            822.8,
            302.7
        ],
        [
            822.9,
            302.54999999999995
        ],
        [
            823.0,
            302.4
        ],
        [
            820.0,
            302.7
        ],
        [
            826.1,
            302.5
        ],
        [
            811.0,
            300.7
        ],
        [
            826.6,
            304.8
        ],
        [
            819.0,
            300.3
        ],
        [
            816.5833333333334,
            300.73333333333335
        ],
        [
            814.1666666666666,
            301.1666666666667
        ],
        [
            811.75,
            301.6
        ],
        [
            809.3333333333334,
            302.0333333333333
        ],
        [
            806.9166666666666,
            302.46666666666664
        ],
        [
            804.5,
            302.9
        ],
        [
            816.4,
            297.1
        ],
        [
            827.1,
            271.8
        ],
        [
            812.4,
            306.7
        ],
        [
            820.8,
            302.6
        ],
        [
            793.8,
            309.6
        ],
        [
            802.8,
            315.9
        ],
        [
            828.5,
            300.5
        ],
        [
            809.7,
            297.2
        ],
        [
            803.6,
            297.1
        ]
    ],
    "Particles_Size": [
        245,
        139,
        null,
        129,
        91,
        102,
        72,
        117,
        108,
        null,
        null,
        null,
        null,
        null,
        33,
        106,
        50,
        85,
        125,
        253,
        265,
        66,
        83,
        100
    ],
    "Particles_Bbox": [
        [
            [
                734,
                271
            ],
            [
                119,
                86
            ]
        ],
        [
            [
                781,
                276
            ],
            [
                75,
                62
            ]
        ],
        null,
        [
            [
                786,
                273
            ],
            [
                75,
                59
            ]
        ],
        [
            [
                793,
                274
            ],
            [
                53,
                58
            ]
        ],
        [
            [
                790,
                272
            ],
            [
                70,
                54
            ]
        ],
        [
            [
                790,
                274
            ],
            [
                45,
                58
            ]
        ],
        [
            [
                798,
                274
            ],
            [
                61,
                60
            ]
        ],
        [
            [
                785,
                271
            ],
            [
                65,
                54
            ]
        ],
        null,
        null,
        null,
        null,
        null,
        [
            [
                784,
                289
            ],
            [
                31,
                33
            ]
        ],
        [
            [
                785,
                272
            ],
            [
                61,
                59
            ]
        ],
        [
            [
                806,
                252
            ],
            [
                41,
                36
            ]
        ],
        [
            [
                784,
                283
            ],
            [
                54,
                51
            ]
        ],
        [
            [
                784,
                273
            ],
            [
                77,
                57
            ]
        ],
        [
            [
                728,
                273
            ],
            [
                133,
                79
            ]
        ],
        [
            [
                742,
                277
            ],
            [
                123,
                79
            ]
        ],
        [
            [
                798,
                279
            ],
            [
                61,
                35
            ]
        ],
        [
            [
                783,
                273
            ],
            [
                58,
                52
            ]
        ],
        [
            [
                769,
                274
            ],
            [
                65,
                50
            ]
        ]
    ],
    "Particles_Max_Intensity": [
        [
            60
        ],
        [
            59
        ],
        null,
        [
            57
        ],
        [
            59
        ],
        [
            58
        ],
        [
            58
        ],
        [
            58
        ],
        [
            58
        ],
        null,
        null,
        null,
        null,
        null,
        [
            56
        ],
        [
            59
        ],
        [
            58
        ],
        [
            57
        ],
        [
            59
        ],
        [
            59
        ],
        [
            59
        ],
        [
            59
        ],
        [
            58
        ],
        [
            57
        ]
    ],
    "Track_ID": 25,
    "classification": "non-motile",
    "probability_motility": 0.43263566967321804
}