{
    "Times": [
        62,
        63,
        64,
        65,
        66,
        67,
        68,
        69,
        70,
        71,
        72,
        73,
        74,
        75,
        76,
        77,
        78,
        79,
        80,
        81,
        82,
        83,
        84,
        85,
        86,
        87,
        88,
        89,
        90,
        91
    ],
    "Particles_Position": [
        [
            682.4,
            507.6
        ],
        [
            678.3,
            501.9
        ],
        [
            681.7,
            510.7
        ],
        [
            677.1,
            504.7
        ],
        null,
        null,
        null,
        null,
        [
            674.1,
            501.7
        ],
        [
            681.3,
            503.3
        ],
        [
            682.5,
            509.0
        ],
        [
            679.4,
            504.1
        ],
        [
            681.7,
            506.8
        ],
        [
            681.5,
            511.7
        ],
        null,
        [
            672.3,
            501.0
        ],
        [
            688.8,
            513.5
        ],
        null,
        [
            674.9,
            503.4
        ],
        [
            678.1,
            508.7
        ],
        [
            675.4,
            509.0
        ],
        null,
        null,
        null,
        null,
        null,
        null,
        null,
        [
            676.1,
            502.4
        ],
        [
            675.2,
            503.9
        ]
    ],
    "Particles_Estimated_Position": [
        [
            682.4,
            507.6
        ],
        [
            678.3,
            501.9
        ],
        [
            681.7,
            510.7
        ],
        [
            677.1,
            504.7
        ],
        [
            676.5,
            504.09999999999997
        ],
        [
            675.9,
            503.5
        ],
        [
            675.3000000000001,
            502.9
        ],
        [
            674.7,
            502.3
        ],
        [
            674.1,
            501.7
        ],
        [
            681.3,
            503.3
        ],
        [
            682.5,
            509.0
        ],
        [
            679.4,
            504.1
        ],
        [
            681.7,
            506.8
        ],
        [
            681.5,
            511.7
        ],
        [
            676.9,
            506.35
        ],
        [
            672.3,
            501.0
        ],
        [
            688.8,
            513.5
        ],
        [
            681.8499999999999,
            508.45
        ],
        [
            674.9,
            503.4
        ],
        [
            678.1,
            508.7
        ],
        [
            675.4,
            509.0
        ],
        [
            675.4875,
            508.175
        ],
        [
            675.575,
            507.35
        ],
        [
            675.6625,
            506.525
        ],
        [
            675.75,
            505.7
        ],
        [
            675.8375,
            504.875
        ],
        [
            675.925,
            504.04999999999995
        ],
        [
            676.0125,
            503.22499999999997
        ],
        [
            676.1,
            502.4
        ],
        [
            675.2,
            503.9
        ]
    ],
    "Particles_Size": [
        69,
        58,
        93,
        41,
        null,
        null,
        null,
        null,
        55,
        119,
        72,
        82,
        54,
        44,
        null,
        42,
        39,
        null,
        37,
        67,
        63,
        null,
        null,
        null,
        null,
        null,
        null,
        null,
        84,
        61
    ],
    "Particles_Bbox": [
        [
            [
                660,
                480
            ],
            [
                46,
                53
            ]
        ],
        [
            [
                658,
                480
            ],
            [
                38,
                45
            ]
        ],
        [
            [
                654,
                486
            ],
            [
                59,
                54
            ]
        ],
        [
            [
                662,
                487
            ],
            [
                33,
                29
            ]
        ],
        null,
        null,
        null,
        null,
        [
            [
                650,
                479
            ],
            [
                45,
                41
            ]
        ],
        [
            [
                651,
                470
            ],
            [
                62,
                64
            ]
        ],
        [
            [
                659,
                481
            ],
            [
                46,
                51
            ]
        ],
        [
            [
                656,
                479
            ],
            [
                46,
                49
            ]
        ],
        [
            [
                661,
                484
            ],
            [
                43,
                46
            ]
        ],
        [
            [
                669,
                494
            ],
            [
                29,
                37
            ]
        ],
        null,
        [
            [
                655,
                488
            ],
            [
                33,
                31
            ]
        ],
        [
            [
                674,
                499
            ],
            [
                31,
                30
            ]
        ],
        null,
        [
            [
                661,
                485
            ],
            [
                30,
                32
            ]
        ],
        [
            [
                654,
                484
            ],
            [
                47,
                51
            ]
        ],
        [
            [
                653,
                489
            ],
            [
                45,
                40
            ]
        ],
        null,
        null,
        null,
        null,
        null,
        null,
        null,
        [
            [
                647,
                476
            ],
            [
                61,
                55
            ]
        ],
        [
            [
                655,
                485
            ],
            [
                45,
                40
            ]
        ]
    ],
    "Particles_Max_Intensity": [
        [
            60
        ],
        [
            64
        ],
        [
            64
        ],
        [
            60
        ],
        null,
        null,
        null,
        null,
        [
            62
        ],
        [
            64
        ],
        [
            62
        ],
        [
            63
        ],
        [
            60
        ],
        [
            58
        ],
        null,
        [
            63
        ],
        [
            58
        ],
        null,
        [
            59
        ],
        [
            63
        ],
        [
            65
        ],
        null,
        null,
        null,
        null,
        null,
        null,
        null,
        [
            63
        ],
        [
            63
        ]
    ],
    "Track_ID": 27,
    "classification": "non-motile",
    "probability_motility": 0.3877340978480131
}