{
    "Times": [
        68,
        69,
        70,
        71,
        72,
        73,
        74,
        75,
        76,
        77,
        78,
        79,
        80,
        81,
        82,
        83,
        84,
        85,
        86,
        87,
        88,
        89,
        90,
        91,
        92,
        93,
        94,
        95,
        96
    ],
    "Particles_Position": [
        [
            872.6,
            82.7
        ],
        [
            860.6,
            75.5
        ],
        [
            870.8,
            83.6
        ],
        [
            861.9,
            61.4
        ],
        [
            871.0,
            75.9
        ],
        [
            866.9,
            79.6
        ],
        null,
        null,
        null,
        null,
        null,
        null,
        [
            870.4,
            80.6
        ],
        [
            876.0,
            82.1
        ],
        null,
        [
            860.3,
            74.6
        ],
        [
            873.8,
            86.5
        ],
        null,
        null,
        null,
        null,
        [
            872.6,
            88.8
        ],
        [
            859.0,
            82.3
        ],
        [
            867.9,
            86.4
        ],
        null,
        null,
        null,
        [
            867.8,
            83.7
        ],
        [
            878.8,
            75.8
        ]
    ],
    "Particles_Estimated_Position": [
        [
            872.6,
            82.7
        ],
        [
            860.6,
            75.5
        ],
        [
            870.8,
            83.6
        ],
        [
            861.9,
            61.4
        ],
        [
            871.0,
            75.9
        ],
        [
            866.9,
            79.6
        ],
        [
            867.4,
            79.74285714285713
        ],
        [
            867.9,
            79.88571428571429
        ],
        [
            868.4,
            80.02857142857142
        ],
        [
            868.9,
            80.17142857142856
        ],
        [
            869.4,
            80.3142857142857
        ],
        [
            869.9,
            80.45714285714286
        ],
        [
            870.4,
            80.6
        ],
        [
            876.0,
            82.1
        ],
        [
            868.15,
            78.35
        ],
        [
            860.3,
            74.6
        ],
        [
            873.8,
            86.5
        ],
        [
            873.56,
            86.96
        ],
        [
            873.3199999999999,
            87.42
        ],
        [
            873.08,
            87.88
        ],
        [
            872.84,
            88.34
        ],
        [
            872.6,
            88.8
        ],
        [
            859.0,
            82.3
        ],
        [
            867.9,
            86.4
        ],
        [
            867.875,
            85.72500000000001
        ],
        [
            867.8499999999999,
            85.05000000000001
        ],
        [
            867.8249999999999,
            84.375
        ],
        [
            867.8,
            83.7
        ],
        [
            878.8,
            75.8
        ]
    ],
    "Particles_Size": [
        123,
        37,
        104,
        300,
        38,
        88,
        null,
        null,
        null,
        null,
        null,
        null,
        82,
        109,
        null,
        50,
        69,
        null,
        null,
        null,
        null,
        38,
        99,
        96,
        null,
        null,
        null,
        74,
        75
    ],
    "Particles_Bbox": [
        [
            [
                832,
                53
            ],
            [
                80,
                62
            ]
        ],
        [
            [
                846,
                59
            ],
            [
                30,
                31
            ]
        ],
        [
            [
                843,
                57
            ],
            [
                59,
                58
            ]
        ],
        [
            [
                797,
                8
            ],
            [
                113,
                107
            ]
        ],
        [
            [
                858,
                61
            ],
            [
                25,
                30
            ]
        ],
        [
            [
                838,
                60
            ],
            [
                57,
                47
            ]
        ],
        null,
        null,
        null,
        null,
        null,
        null,
        [
            [
                838,
                57
            ],
            [
                58,
                49
            ]
        ],
        [
            [
                843,
                61
            ],
            [
                66,
                48
            ]
        ],
        null,
        [
            [
                841,
                58
            ],
            [
                41,
                35
            ]
        ],
        [
            [
                852,
                61
            ],
            [
                46,
                51
            ]
        ],
        null,
        null,
        null,
        null,
        [
            [
                858,
                74
            ],
            [
                30,
                33
            ]
        ],
        [
            [
                833,
                57
            ],
            [
                52,
                58
            ]
        ],
        [
            [
                842,
                60
            ],
            [
                57,
                55
            ]
        ],
        null,
        null,
        null,
        [
            [
                837,
                60
            ],
            [
                58,
                51
            ]
        ],
        [
            [
                857,
                51
            ],
            [
                47,
                46
            ]
        ]
    ],
    "Particles_Max_Intensity": [
        [
            63
        ],
        [
            60
        ],
        [
            64
        ],
        [
            63
        ],
        [
            59
        ],
        [
            60
        ],
        null,
        null,
        null,
        null,
        null,
        null,
        [
            60
        ],
        [
            63
        ],
        null,
        [
            60
        ],
        [
            60
        ],
        null,
        null,
        null,
        null,
        [
            59
        ],
        [
            60
        ],
        [
            63
        ],
        null,
        null,
        null,
        [
            60
        ],
        [
            63
        ]
    ],
    "Track_ID": 34,
    "classification": "non-motile",
    "probability_motility": 0.40641671115825945
}