{
    "Times": [
        97,
        98,
        99,
        100,
        101,
        102,
        103,
        104,
        105,
        106,
        107,
        108,
        109,
        110,
        111,
        112,
        113
    ],
    "Particles_Position": [
        [
            251.8,
            291.6
        ],
        [
            226.1,
            297.3
        ],
        [
            164.7,
            316.0
        ],
        null,
        null,
        null,
        null,
        null,
        null,
        [
            209.0,
            309.7
        ],
        [
            184.3,
            321.2
        ],
        [
            164.4,
            341.0
        ],
        [
            168.6,
            323.2
        ],
        null,
        null,
        [
            228.2,
            295.6
        ],
        [
            251.0,
            299.9
        ]
    ],
    "Particles_Estimated_Position": [
        [
            251.8,
            291.6
        ],
        [
            226.1,
            297.3
        ],
        [
            164.7,
            316.0
        ],
        [
            211.57142857142858,
            304.90000000000003
        ],
        [
            211.14285714285714,
            305.7
        ],
        [
            210.71428571428572,
            306.5
        ],
        [
            210.28571428571428,
            307.3
        ],
        [
            209.85714285714286,
            308.1
        ],
        [
            209.42857142857142,
            308.9
        ],
        [
            209.0,
            309.7
        ],
        [
            184.3,
            321.2
        ],
        [
            164.4,
            341.0
        ],
        [
            168.6,
            323.2
        ],
        [
            188.46666666666667,
            314.0
        ],
        [
            208.33333333333331,
            304.8
        ],
        [
            228.2,
            295.6
        ],
        [
            251.0,
            299.9
        ]
    ],
    "Particles_Size": [
        40,
        73,
        40,
        null,
        null,
        null,
        null,
        null,
        null,
        203,
        138,
        289,
        70,
        null,
        null,
        103,
        40
    ],
    "Particles_Bbox": [
        [
            [
                235,
                276
            ],
            [
                32,
                33
            ]
        ],
        [
            [
                199,
                275
            ],
            [
                54,
                46
            ]
        ],
        [
            [
                150,
                300
            ],
            [
                32,
                34
            ]
        ],
        null,
        null,
        null,
        null,
        null,
        null,
        [
            [
                160,
                269
            ],
            [
                98,
                82
            ]
        ],
        [
            [
                149,
                291
            ],
            [
                73,
                61
            ]
        ],
        [
            [
                88,
                289
            ],
            [
                151,
                105
            ]
        ],
        [
            [
                147,
                298
            ],
            [
                43,
                50
            ]
        ],
        null,
        null,
        [
            [
                183,
                272
            ],
            [
                84,
                48
            ]
        ],
        [
            [
                235,
                284
            ],
            [
                33,
                31
            ]
        ]
    ],
    "Particles_Max_Intensity": [
        [
            59
        ],
        [
            61
        ],
        [
            54
        ],
        null,
        null,
        null,
        null,
        null,
        null,
        [
            60
        ],
        [
            58
        ],
        [
            61
        ],
        [
            58
        ],
        null,
        null,
        [
            60
        ],
        [
            56
        ]
    ],
    "Track_ID": 53,
    "classification": "non-motile",
    "probability_motility": 0.4263648186840057
}