{
    "Times": [
        125,
        126,
        127,
        128,
        129,
        130,
        131,
        132,
        133,
        134,
        135,
        136,
        137,
        138,
        139,
        140,
        141,
        142,
        143,
        144,
        145,
        146,
        147,
        148,
        149,
        150,
        151,
        152,
        153,
        154,
        155,
        156,
        157
    ],
    "Particles_Position": [
        [
            994.0,
            564.8
        ],
        [
            992.6,
            560.8
        ],
        [
            991.2,
            567.3
        ],
        [
            984.4,
            568.8
        ],
        [
            957.1,
            580.6
        ],
        null,
        null,
        [
            946.4,
            554.8
        ],
        [
            931.1,
            537.7
        ],
        null,
        null,
        null,
        [
            937.3,
            541.8
        ],
        [
            919.4,
            523.2
        ],
        [
            916.4,
            494.2
        ],
        [
            927.8,
            494.6
        ],
        [
            923.2,
            489.0
        ],
        null,
        [
            939.9,
            544.9
        ],
        [
            937.1,
            537.1
        ],
        null,
        [
            938.8,
            534.2
        ],
        [
            936.8,
            540.4
        ],
        null,
        null,
        null,
        null,
        null,
        null,
        null,
        null,
        [
            924.3,
            480.1
        ],
        [
            931.1,
            463.0
        ]
    ],
    "Particles_Estimated_Position": [
        [
            994.0,
            564.8
        ],
        [
            992.6,
            560.8
        ],
        [
            991.2,
            567.3
        ],
        [
            984.4,
            568.8
        ],
        [
            957.1,
            580.6
        ],
        [
            953.5333333333333,
            572.0
        ],
        [
            949.9666666666667,
            563.4
        ],
        [
            946.4,
            554.8
        ],
        [
            931.1,
            537.7
        ],
        [
            932.65,
            538.725
        ],
        [
            934.2,
            539.75
        ],
        [
            935.75,
            540.775
        ],
        [
            937.3,
            541.8
        ],
        [
            919.4,
            523.2
        ],
        [
            916.4,
            494.2
        ],
        [
            927.8,
            494.6
        ],
        [
            923.2,
            489.0
        ],
        [
            931.55,
            516.95
        ],
        [
            939.9,
            544.9
        ],
        [
            937.1,
            537.1
        ],
        [
            937.95,
            535.6500000000001
        ],
        [
            938.8,
            534.2
        ],
        [
            936.8,
            540.4
        ],
        [
            935.411111111111,
            533.6999999999999
        ],
        [
            934.0222222222221,
            527.0
        ],
        [
            932.6333333333333,
            520.3
        ],
        [
            931.2444444444444,
            513.6
        ],
        [
            929.8555555555555,
            506.9
        ],
        [
            928.4666666666666,
            500.2
        ],
        [
            927.0777777777778,
            493.5
        ],
        [
            925.6888888888889,
            486.8
        ],
        [
            924.3,
            480.1
        ],
        [
            931.1,
            463.0
        ]
    ],
    "Particles_Size": [
        134,
        118,
        97,
        112,
        378,
        null,
        null,
        333,
        449,
        null,
        null,
        null,
        81,
        242,
        83,
        50,
        34,
        null,
        94,
        83,
        null,
        145,
        72,
        null,
        null,
        null,
        null,
        null,
        null,
        null,
        null,
        9322,
        8761
    ],
    "Particles_Bbox": [
        [
            [
                966,
                528
            ],
            [
                57,
                75
            ]
        ],
        [
            [
                960,
                532
            ],
            [
                62,
                57
            ]
        ],
        [
            [
                968,
                535
            ],
            [
                52,
                60
            ]
        ],
        [
            [
                956,
                536
            ],
            [
                59,
                61
            ]
        ],
        [
            [
                887,
                510
            ],
            [
                123,
                149
            ]
        ],
        null,
        null,
        [
            [
                875,
                498
            ],
            [
                135,
                120
            ]
        ],
        [
            [
                871,
                456
            ],
            [
                122,
                157
            ]
        ],
        null,
        null,
        null,
        [
            [
                912,
                513
            ],
            [
                52,
                55
            ]
        ],
        [
            [
                872,
                470
            ],
            [
                95,
                97
            ]
        ],
        [
            [
                887,
                473
            ],
            [
                60,
                48
            ]
        ],
        [
            [
                905,
                479
            ],
            [
                44,
                29
            ]
        ],
        [
            [
                905,
                471
            ],
            [
                31,
                34
            ]
        ],
        null,
        [
            [
                911,
                519
            ],
            [
                57,
                58
            ]
        ],
        [
            [
                906,
                511
            ],
            [
                58,
                49
            ]
        ],
        null,
        [
            [
                904,
                500
            ],
            [
                72,
                70
            ]
        ],
        [
            [
                912,
                511
            ],
            [
                53,
                56
            ]
        ],
        null,
        null,
        null,
        null,
        null,
        null,
        null,
        null,
        [
            [
                664,
                173
            ],
            [
                359,
                720
            ]
        ],
        [
            [
                701,
                182
            ],
            [
                322,
                661
            ]
        ]
    ],