{
    "Times": [
        156,
        157,
        158,
        159,
        160,
        161,
        162,
        163,
        164,
        165,
        166,
        167,
        168,
        169,
        170,
        171,
        172,
        173,
        174,
        175,
        176,
        177,
        178,
        179,
        180,
        181,
        182,
        183,
        184,
        185,
        186,
        187,
        188,
        189,
        190,
        191,
        192,
        193
    ],
    "Particles_Position": [
        [
            815.6,
            252.5
        ],
        [
            802.5,
            280.3
        ],
        null,
        [
            795.4,
            255.4
        ],
        [
            793.7,
            224.3
        ],
        null,
        null,
        null,
        null,
        null,
        null,
        null,
        null,
        null,
        null,
        null,
        null,
        [
            780.8,
            226.9
        ],
        [
            768.3,
            202.3
        ],
        null,
        [
            761.8,
            203.8
        ],
        [
            761.1,
            185.8
        ],
        null,
        null,
        null,
        null,
        null,
        null,
        null,
        null,
        null,
        null,
        null,
        null,
        null,
        null,
        [
            764.8,
            195.6
        ],
        [
            765.9,
            170.6
        ]
    ],
    "Particles_Estimated_Position": [
        [
            815.6,
            252.5
        ],
        [
            802.5,
            280.3
        ],
        [
            798.95,
            267.85
        ],
        [
            795.4,
            255.4
        ],
        [
            793.7,
            224.3
        ],
        [
            792.7076923076924,
            224.5
        ],
        [
            791.7153846153847,
            224.70000000000002
        ],
        [
            790.723076923077,
            224.9
        ],
        [
            789.7307692307693,
            225.10000000000002
        ],
        [
            788.7384615384616,
            225.3
        ],
        [
            787.7461538461539,
            225.5
        ],
        [
            786.7538461538461,
            225.70000000000002
        ],
        [
            785.7615384615384,
            225.9
        ],
        [
            784.7692307692307,
            226.1
        ],
        [
            783.776923076923,
            226.3
        ],
        [
            782.7846153846153,
            226.5
        ],
        [
            781.7923076923076,
            226.70000000000002
        ],
        [
            780.8,
            226.9
        ],
        [
            768.3,
            202.3
        ],
        [
            765.05,
            203.05
        ],
        [
            761.8,
            203.8
        ],
        [
            761.1,
            185.8
        ],
        [
            761.3466666666667,
            186.45333333333335
        ],
        [
            761.5933333333334,
            187.10666666666668
        ],
        [
            761.84,
            187.76000000000002
        ],
        [
            762.0866666666667,
            188.41333333333333
        ],
        [
            762.3333333333334,
            189.06666666666666
        ],
        [
            762.58,
            189.72
        ],
        [
            762.8266666666667,
            190.37333333333333
        ],
        [
            763.0733333333333,
            191.02666666666667
        ],
        [
            763.3199999999999,
            191.68
        ],
        [
            763.5666666666666,
            192.33333333333334
        ],
        [
            763.8133333333333,
            192.98666666666668
        ],
        [
            764.06,
            193.64
        ],
        [
            764.3066666666666,
            194.29333333333332
        ],
        [
            764.5533333333333,
            194.94666666666666
        ],
        [
            764.8,
            195.6
        ],
        [
            765.9,
            170.6
        ]
    ],
    "Particles_Size": [
        90,
        166,
        null,
        39,
        70,
        null,
        null,
        null,
        null,
        null,
        null,
        null,
        null,
        null,
        null,
        null,
        null,
        176,
        126,
        null,
        46,
        78,
        null,
        null,
        null,
        null,
        null,
        null,
        null,
        null,
        null,
        null,
        null,
        null,
        null,
        null,
        131,
        26
    ],
    "Particles_Bbox": [
        [
            [
                782,
                225
            ],
            [
                59,
                55
            ]
        ],
        [
            [
                758,
                238
            ],
            [
                83,
                81
            ]
        ],
        null,
        [
            [
                779,
                240
            ],
            [
                33,
                32
            ]
        ],
        [
            [
                768,
                196
            ],
            [
                48,
                50
            ]
        ],
        null,
        null,
        null,
        null,
        null,
        null,
        null,
        null,
        null,
        null,
        null,
        null,
        [
            [
                735,
                177
            ],
            [
                85,
                103
            ]
        ],
        [
            [
                732,
                170
            ],
            [
                72,
                70
            ]
        ],
        null,
        [
            [
                740,
                184
            ],
            [
                39,
                33
            ]
        ],
        [
            [
                739,
                163
            ],
            [
                48,
                46
            ]
        ],
        null,
        null,
        null,
        null,
        null,
        null,
        null,
        null,
        null,
        null,
        null,
        null,
        null,
        null,
        [
            [
                736,
                156
            ],
            [
                59,
                86
            ]
        ],
        [
            [
                748,
                158
            ],
            [
                27,
                26
            ]
        ]
    ],
    "Particles_Max_Intensity": [
        [
            54
        ],
        [
            57
        ],
        null,
        [
            49
        ],
        [
            64
        ],
        null,
        null,
        null,
        null,
        null,
        null,
        null,
        null,
        null,
        null,
        null,
        null,
        [
            63
        ],
        [
            64
        ],
        null,
        [
            64
        ],
        [
            55
        ],
        null,
        null,
        null,
        null,
        null,
        null,
        null,
        null,
        null,
        null,
        null,
        null,
        null,
        null,
        [
            63
        ],
        [
            54
        ]
    ],
    "Track_ID": 68,
    "classification": "motile",
    "probability_motility": 0.644339718694235
}