{
    "Times": [
        173,
        174,
        175,
        176,
        177,
        178,
        179,
        180,
        181,
        182,
        183,
        184,
        185,
        186,
        187,
        188,
        189,
        190,
        191,
        192,
        193,
        194,
        195,
        196,
        197,
        198,
        199,
        200
    ],
    "Particles_Position": [
        [
            225.8,
            290.1
        ],
        [
            216.6,
            303.8
        ],
        [
            211.4,
            315.0
        ],
        null,
        null,
        null,
        [
            198.8,
            312.5
        ],
        [
            192.4,
            323.8
        ],
        [
            197.9,
            293.1
        ],
        null,
        null,
        null,
        null,
        null,
        null,
        null,
        [
            228.7,
            299.5
        ],
        [
            220.8,
            291.4
        ],
        null,
        null,
        null,
        null,
        null,
        null,
        null,
        [
            203.6,
            311.4
        ],
        [
            204.2,
            312.4
        ],
        [
            215.8,
            300.5
        ]
    ],
    "Particles_Estimated_Position": [
        [
            225.8,
            290.1
        ],
        [
            216.6,
            303.8
        ],
        [
            211.4,
            315.0
        ],
        [
            208.25,
            314.375
        ],
        [
            205.10000000000002,
            313.75
        ],
        [
            201.95000000000002,
            313.125
        ],
        [
            198.8,
            312.5
        ],
        [
            192.4,
            323.8
        ],
        [
            197.9,
            293.1
        ],
        [
            201.75,
            293.90000000000003
        ],
        [
            205.6,
            294.70000000000005
        ],
        [
            209.45,
            295.5
        ],
        [
            213.3,
            296.3
        ],
        [
            217.15,
            297.1
        ],
        [
            221.0,
            297.9
        ],
        [
            224.85,
            298.7
        ],
        [
            228.7,
            299.5
        ],
        [
            220.8,
            291.4
        ],
        [
            218.65,
            293.9
        ],
        [
            216.5,
            296.4
        ],
        [
            214.35,
            298.9
        ],
        [
            212.2,
            301.4
        ],
        [
            210.05,
            303.9
        ],
        [
            207.9,
            306.4
        ],
        [
            205.75,
            308.9
        ],
        [
            203.6,
            311.4
        ],
        [
            204.2,
            312.4
        ],
        [
            215.8,
            300.5
        ]
    ],
    "Particles_Size": [
        42,
        292,
        472,
        null,
        null,
        null,
        247,
        362,
        416,
        null,
        null,
        null,
        null,
        null,
        null,
        null,
        88,
        48,
        null,
        null,
        null,
        null,
        null,
        null,
        null,
        54,
        167,
        120
    ],
    "Particles_Bbox": [
        [
            [
                205,
                272
            ],
            [
                38,
                32
            ]
        ],
        [
            [
                156,
                261
            ],
            [
                123,
                90
            ]
        ],
        [
            [
                139,
                251
            ],
            [
                146,
                126
            ]
        ],
        null,
        null,
        null,
        [
            [
                138,
                272
            ],
            [
                125,
                89
            ]
        ],
        [
            [
                112,
                266
            ],
            [
                160,
                120
            ]
        ],
        [
            [
                133,
                220
            ],
            [
                142,
                145
            ]
        ],
        null,
        null,
        null,
        null,
        null,
        null,
        null,
        [
            [
                198,
                275
            ],
            [
                60,
                50
            ]
        ],
        [
            [
                201,
                271
            ],
            [
                42,
                39
            ]
        ],
        null,
        null,
        null,
        null,
        null,
        null,
        null,
        [
            [
                186,
                288
            ],
            [
                37,
                45
            ]
        ],
        [
            [
                156,
                275
            ],
            [
                99,
                69
            ]
        ],
        [
            [
                186,
                266
            ],
            [
                57,
                71
            ]
        ]
    ],
    "Particles_Max_Intensity": [
        [
            59
        ],
        [
            59
        ],
        [
            60
        ],
        null,
        null,
        null,
        [
            61
        ],
        [
            59
        ],
        [
            60
        ],
        null,
        null,
        null,
        null,
        null,
        null,
        null,
        [
            59
        ],
        [
            59
        ],
        null,
        null,
        null,
        null,
        null,
        null,
        null,
        [
            58
        ],
        [
            59
        ],
        [
            59
        ]
    ],
    "Track_ID": 69,
    "classification": "non-motile",
    "probability_motility": 0.25660986290796417
}