{
    "Times": [
        182,
        183,
        184,
        185,
        186,
        187,
        188,
        189,
        190,
        191,
        192,
        193,
        194,
        195,
        196,
        197,
        198,
        199,
        200,
        201,
        202,
        203,
        204,
        205,
        206,
        207,
        208,
        209,
        210,
        211,
        212,
        213,
        214,
        215
    ],
    "Particles_Position": [
        [
            772.7,
            724.8
        ],
        [
            763.7,
            724.5
        ],
        null,
        null,
        null,
        null,
        [
            756.7,
            727.7
        ],
        [
            747.1,
            731.4
        ],
        [
            752.2,
            730.0
        ],
        [
            731.0,
            744.9
        ],
        null,
        [
            740.4,
            734.9
        ],
        [
            735.3,
            740.7
        ],
        [
            728.8,
            742.0
        ],
        [
            726.7,
            743.1
        ],
        [
            722.8,
            747.3
        ],
        [
            735.2,
            738.9
        ],
        [
            715.9,
            755.4
        ],
        null,
        [
            700.6,
            771.4
        ],
        [
            695.8,
            757.9
        ],
        [
            688.4,
            776.6
        ],
        [
            687.5,
            779.9
        ],
        [
            695.8,
            772.0
        ],
        [
            685.0,
            782.5
        ],
        [
            678.8,
            784.1
        ],
        [
            681.5,
            788.7
        ],
        [
            672.9,
            788.8
        ],
        [
            674.2,
            780.3
        ],
        [
            661.7,
            797.4
        ],
        [
            667.1,
            787.8
        ],
        [
            655.9,
            797.7
        ],
        [
            657.5,
            803.1
        ],
        [
            645.1,
            807.6
        ]
    ],
    "Particles_Estimated_Position": [
        [
            772.7,
            724.8
        ],
        [
            763.7,
            724.5
        ],
        [
            762.3000000000001,
            725.14
        ],
        [
            760.9000000000001,
            725.78
        ],
        [
            759.5,
            726.4200000000001
        ],
        [
            758.1,
            727.0600000000001
        ],
        [
            756.7,
            727.7
        ],
        [
            747.1,
            731.4
        ],
        [
            752.2,
            730.0
        ],
        [
            731.0,
            744.9
        ],
        [
            735.7,
            739.9
        ],
        [
            740.4,
            734.9
        ],
        [
            735.3,
            740.7
        ],
        [
            728.8,
            742.0
        ],
        [
            726.7,
            743.1
        ],
        [
            722.8,
            747.3
        ],
        [
            735.2,
            738.9
        ],
        [
            715.9,
            755.4
        ],
        [
            708.25,
            763.4
        ],
        [
            700.6,
            771.4
        ],
        [
            695.8,
            757.9
        ],
        [
            688.4,
            776.6
        ],
        [
            687.5,
            779.9
        ],
        [
            695.8,
            772.0
        ],
        [
            685.0,
            782.5
        ],
        [
            678.8,
            784.1
        ],
        [
            681.5,
            788.7
        ],
        [
            672.9,
            788.8
        ],
        [
            674.2,
            780.3
        ],
        [
            661.7,
            797.4
        ],
        [
            667.1,
            787.8
        ],
        [
            655.9,
            797.7
        ],
        [
            657.5,
            803.1
        ],
        [
            645.1,
            807.6
        ]
    ],
    "Particles_Size": [
        155,
        169,
        null,
        null,
        null,
        null,
        156,
        102,
        121,
        20,
        null,
        126,
        137,
        74,
        112,
        53,
        101,
        49,
        null,
        57,
        31,
        77,
        49,
        60,
        45,
        54,
        56,
        42,
        33,
        43,
        52,
        49,
        52,
        63
    ],