{
    "Times": [
        180,
        181,
        182,
        183,
        184,
        185,
        186,
        187,
        188,
        189,
        190,
        191,
        192,
        193,
        194,
        195
    ],
    "Particles_Position": [
        [
            714.0,
            216.0
        ],
        [
            716.2,
            220.9
        ],
        [
            723.7,
            207.3
        ],
        [
            711.2,
            205.5
        ],
        [
            722.4,
            216.3
        ],
        [
            705.4,
            192.9
        ],
        null,
        null,
        [
            715.7,
            206.6
        ],
        [
            697.3,
            191.9
        ],
        [
            699.0,
            220.8
        ],
        null,
        null,
        null,
        [
            693.2,
            193.4
        ],
        [
            705.6,
            213.3
        ]
    ],
    "Particles_Estimated_Position": [
        [
            714.0,
            216.0
        ],
        [
            716.2,
            220.9
        ],
        [
            723.7,
            207.3
        ],
        [
            711.2,
            205.5
        ],
        [
            722.4,
            216.3
        ],
        [
            705.4,
            192.9
        ],
        [
            708.8333333333334,
            197.46666666666667
        ],
        [
            712.2666666666667,
            202.03333333333333
        ],
        [
            715.7,
            206.6
        ],
        [
            697.3,
            191.9
        ],
        [
            699.0,
            220.8
        ],
        [
            697.55,
            213.95000000000002
        ],
        [
            696.1,
            207.10000000000002
        ],
        [
            694.6500000000001,
            200.25
        ],
        [
            693.2,
            193.4
        ],
        [
            705.6,
            213.3
        ]
    ],
    "Particles_Size": [
        74,
        38,
        67,
        52,
        54,
        203,
        null,
        null,
        49,
        47,
        129,
        null,
        null,
        null,
        28,
        56
    ],
    "Particles_Bbox": [
        [
            [
                688,
                195
            ],
            [
                49,
                47
            ]
        ],
        [
            [
                702,
                208
            ],
            [
                31,
                31
            ]
        ],
        [
            [
                700,
                184
            ],
            [
                46,
                48
            ]
        ],
        [
            [
                695,
                185
            ],
            [
                29,
                44
            ]
        ],
        [
            [
                703,
                194
            ],
            [
                37,
                48
            ]
        ],
        [
            [
                659,
                152
            ],
            [
                88,
                87
            ]
        ],
        null,
        null,
        [
            [
                696,
                189
            ],
            [
                35,
                34
            ]
        ],
        [
            [
                679,
                177
            ],
            [
                38,
                31
            ]
        ],
        [
            [
                666,
                180
            ],
            [
                66,
                86
            ]
        ],
        null,
        null,
        null,
        [
            [
                683,
                182
            ],
            [
                25,
                28
            ]
        ],
        [
            [
                683,
                196
            ],
            [
                43,
                37
            ]
        ]
    ],
    "Particles_Max_Intensity": [
        [
            58
        ],
        [
            54
        ],
        [
            54
        ],
        [
            54
        ],
        [
            53
        ],
        [
            64
        ],
        null,
        null,
        [
            54
        ],
        [
            63
        ],
        [
            64
        ],
        null,
        null,
        null,
        [
            64
        ],
        [
            64
        ]
    ],
    "Track_ID": 77,
    "classification": "non-motile",
    "probability_motility": 0.45348972536581045
}