{
    "Times": [
        182,
        183,
        184,
        185,
        186,
        187,
        188,
        189,
        190,
        191,
        192,
        193,
        194,
        195,
        196,
        197,
        198,
        199
    ],
    "Particles_Position": [
        [
            923.2,
            456.7
        ],
        [
            923.5,
            440.2
        ],
        [
            924.4,
            419.7
        ],
        [
            917.8,
            465.5
        ],
        [
            913.2,
            468.2
        ],
        [
            925.1,
            439.0
        ],
        [
            911.2,
            473.1
        ],
        [
            907.1,
            469.8
        ],
        [
            919.3,
            440.7
        ],
        null,
        null,
        [
            906.6,
            428.3
        ],
        [
            901.0,
            436.1
        ],
        [
            907.9,
            421.6
        ],
        [
            894.1,
            443.2
        ],
        [
            909.4,
            420.7
        ],
        [
            901.7,
            449.7
        ],
        [
            894.4,
            460.6
        ]
    ],
    "Particles_Estimated_Position": [
        [
            923.2,
            456.7
        ],
        [
            923.5,
            440.2
        ],
        [
            924.4,
            419.7
        ],
        [
            917.8,
            465.5
        ],
        [
            913.2,
            468.2
        ],
        [
            925.1,
            439.0
        ],
        [
            911.2,
            473.1
        ],
        [
            907.1,
            469.8
        ],
        [
            919.3,
            440.7
        ],
        [
            915.0666666666666,
            436.56666666666666
        ],
        [
            910.8333333333334,
            432.43333333333334
        ],
        [
            906.6,
            428.3
        ],
        [
            901.0,
            436.1
        ],
        [
            907.9,
            421.6
        ],
        [
            894.1,
            443.2
        ],
        [
            909.4,
            420.7
        ],
        [
            901.7,
            449.7
        ],
        [
            894.4,
            460.6
        ]
    ],
    "Particles_Size": [
        9435,
        8397,
        8825,
        12187,
        9683,
        7692,
        9589,
        9657,
        8067,
        null,
        null,
        10424,
        11894,
        9017,
        11058,
        7821,
        9261,
        10456
    ],
    "Particles_Bbox": [
        [
            [
                765,
                202
            ],
            [
                258,
                624
            ]
        ],
        [
            [
                778,
                212
            ],
            [
                245,
                516
            ]
        ],
        [
            [
                735,
                196
            ],
            [
                288,
                519
            ]
        ],
        [
            [
                706,
                55
            ],
            [
                317,
                876
            ]
        ],
        [
            [
                720,
                212
            ],
            [
                303,
                636
            ]
        ],
        [
            [
                787,
                216
            ],
            [
                236,
                516
            ]
        ],
        [
            [
                732,
                200
            ],
            [
                291,
                716
            ]
        ],
        [
            [
                701,
                214
            ],
            [
                322,
                699
            ]
        ],
        [
            [
                749,
                222
            ],
            [
                274,
                513
            ]
        ],
        null,
        null,
        [
            [
                663,
                89
            ],
            [
                360,
                744
            ]
        ],
        [
            [
                698,
                83
            ],
            [
                325,
                743
            ]
        ],
        [
            [
                734,
                96
            ],
            [
                289,
                653
            ]
        ],
        [
            [
                658,
                103
            ],
            [
                365,
                715
            ]
        ],
        [
            [
                731,
                107
            ],
            [
                292,
                631
            ]
        ],
        [
            [
                704,
                110
            ],
            [
                319,
                685
            ]
        ],
        [
            [
                688,
                118
            ],
            [
                335,
                734
            ]
        ]
    ],
    "Particles_Max_Intensity": [
        [
            73
        ],
        [
            71
        ],
        [
            73
        ],
        [
            73
        ],
        [
            71
        ],
        [
            71
        ],
        [
            72
        ],
        [
            70
        ],
        [
            70
        ],
        null,
        null,
        [
            70
        ],
        [
            72
        ],
        [
            72
        ],
        [
            73
        ],
        [
            73
        ],
        [
            72
        ],
        [
            71
        ]
    ],
    "Track_ID": 80,
    "classification": "non-motile",
    "probability_motility": 0.4071912317506497
}