{
    "Times": [
        185,
        186,
        187,
        188,
        189,
        190,
        191,
        192,
        193,
        194,
        195,
        196,
        197,
        198,
        199,
        200,
        201,
        202,
        203,
        204,
        205,
        206,
        207,
        208,
        209,
        210,
        211,
        212,
        213,
        214
    ],
    "Particles_Position": [
        [
            652.7,
            571.9
        ],
        [
            659.8,
            561.0
        ],
        [
            648.5,
            563.2
        ],
        [
            652.9,
            566.9
        ],
        [
            651.7,
            563.8
        ],
        [
            646.0,
            557.1
        ],
        null,
        null,
        null,
        null,
        null,
        null,
        null,
        null,
        [
            674.5,
            574.9
        ],
        [
            651.8,
            565.5
        ],
        null,
        null,
        null,
        null,
        null,
        null,
        null,
        [
            704.7,
            573.0
        ],
        [
            701.8,
            587.7
        ],
        [
            701.6,
            600.6
        ],
        [
            720.6,
            614.3
        ],
        [
            707.9,
            601.0
        ],
        [
            704.3,
            610.6
        ],
        [
            681.8,
            601.6
        ]
    ],
    "Particles_Estimated_Position": [
        [
            652.7,
            571.9
        ],
        [
            659.8,
            561.0
        ],
        [
            648.5,
            563.2
        ],
        [
            652.9,
            566.9
        ],
        [
            651.7,
            563.8
        ],
        [
            646.0,
            557.1
        ],
        [
            649.1666666666666,
            559.0777777777778
        ],
        [
            652.3333333333334,
            561.0555555555555
        ],
        [
            655.5,
            563.0333333333333
        ],
        [
            658.6666666666666,
            565.0111111111111
        ],
        [
            661.8333333333334,
            566.9888888888889
        ],
        [
            665.0,
            568.9666666666667
        ],
        [
            668.1666666666666,
            570.9444444444445
        ],
        [
            671.3333333333334,
            572.9222222222222
        ],
        [
            674.5,
            574.9
        ],
        [
            651.8,
            565.5
        ],
        [
            658.4124999999999,
            566.4375
        ],
        [
            665.025,
            567.375
        ],
        [
            671.6375,
            568.3125
        ],
        [
            678.25,
            569.25
        ],
        [
            684.8625,
            570.1875
        ],
        [
            691.475,
            571.125
        ],
        [
            698.0875000000001,
            572.0625
        ],
        [
            704.7,
            573.0
        ],
        [
            701.8,
            587.7
        ],
        [
            701.6,
            600.6
        ],
        [
            720.6,
            614.3
        ],
        [
            707.9,
            601.0
        ],
        [
            704.3,
            610.6
        ],
        [
            681.8,
            601.6
        ]
    ],
    "Particles_Size": [
        262,
        146,
        77,
        159,
        110,
        47,
        null,
        null,
        null,
        null,
        null,
        null,
        null,
        null,
        126,
        65,
        null,
        null,
        null,
        null,
        null,
        null,
        null,
        110,
        464,
        496,
        773,
        222,
        774,
        829
    ],
    "Particles_Bbox": [
        [
            [
                588,
                535
            ],
            [
                128,
                79
            ]
        ],
        [
            [
                623,
                530
            ],
            [
                75,
                66
            ]
        ],
        [
            [
                624,
                539
            ],
            [
                51,
                51
            ]
        ],
        [
            [
                616,
                532
            ],
            [
                77,
                76
            ]
        ],
        [
            [
                619,
                527
            ],
            [
                63,
                72
            ]
        ],
        [
            [
                627,
                538
            ],
            [
                39,
                37
            ]
        ],
        null,
        null,
        null,
        null,
        null,
        null,
        null,
        null,
        [
            [
                633,
                551
            ],
            [
                86,
                44
            ]
        ],
        [
            [
                631,
                549
            ],
            [
                47,
                36
            ]
        ],
        null,
        null,
        null,
        null,
        null,
        null,
        null,
        [
            [
                672,
                551
            ],
            [
                73,
                52
            ]
        ],
        [
            [
                650,
                485
            ],
            [
                118,
                185
            ]
        ],
        [
            [
                642,
                538
            ],
            [
                126,
                130
            ]
        ],
        [
            [
                646,
                533
            ],
            [
                173,
                150
            ]
        ],
        [
            [
                663,
                547
            ],
            [
                91,
                104
            ]
        ],
        [
            [
                628,
                530
            ],
            [
                189,
                164
            ]
        ],
        [
            [
                616,
                494
            ],
            [
                144,
                193
            ]
        ]
    ],
    "Particles_Max_Intensity": [
        [
            63
        ],
        [
            55
        ],
        [
            56
        ],
        [
            60
        ],
        [
            56
        ],
        [
            56
        ],
        null,
        null,
        null,
        null,
        null,
        null,
        null,
        null,
        [
            54
        ],
        [
            54
        ],
        null,
        null,
        null,
        null,
        null,
        null,
        null,
        [
            58
        ],
        [
            63
        ],
        [
            62
        ],
        [
            64
        ],
        [
            64
        ],
        [
            64
        ],
        [
            63
        ]
    ],
    "Track_ID": 82,
    "classification": "non-motile",
    "probability_motility": 0.4989437402303711
}