{
    "Times": [
        187,
        188,
        189,
        190,
        191,
        192,
        193,
        194,
        195,
        196,
        197,
        198,
        199,
        200,
        201,
        202,
        203,
        204,
        205,
        206,
        207,
        208,
        209,
        210,
        211,
        212
    ],
    "Particles_Position": [
        [
            68.6,
            315.1
        ],
        [
            75.0,
            327.0
        ],
        [
            66.6,
            316.6
        ],
        [
            65.3,
            342.8
        ],
        null,
        [
            63.2,
            332.1
        ],
        [
            45.3,
            351.7
        ],
        [
            73.5,
            335.9
        ],
        [
            39.5,
            327.5
        ],
        [
            66.1,
            334.8
        ],
        null,
        null,
        null,
        null,
        [
            62.8,
            330.1
        ],
        [
            55.8,
            323.1
        ],
        [
            63.0,
            324.0
        ],
        null,
        null,
        null,
        [
            45.0,
            356.8
        ],
        [
            45.7,
            350.8
        ],
        [
            46.1,
            340.6
        ],
        [
            34.3,
            329.0
        ],
        [
            39.4,
            345.2
        ],
        [
            36.1,
            337.8
        ]
    ],
    "Particles_Estimated_Position": [
        [
            68.6,
            315.1
        ],
        [
            75.0,
            327.0
        ],
        [
            66.6,
            316.6
        ],
        [
            65.3,
            342.8
        ],
        [
            64.25,
            337.45000000000005
        ],
        [
            63.2,
            332.1
        ],
        [
            45.3,
            351.7
        ],
        [
            73.5,
            335.9
        ],
        [
            39.5,
            327.5
        ],
        [
            66.1,
            334.8
        ],
        [
            65.44,
            333.86
        ],
        [
            64.78,
            332.92
        ],
        [
            64.11999999999999,
            331.98
        ],
        [
            63.459999999999994,
            331.04
        ],
        [
            62.8,
            330.1
        ],
        [
            55.8,
            323.1
        ],
        [
            63.0,
            324.0
        ],
        [
            58.5,
            332.2
        ],
        [
            54.0,
            340.4
        ],
        [
            49.5,
            348.6
        ],
        [
            45.0,
            356.8
        ],
        [
            45.7,
            350.8
        ],
        [
            46.1,
            340.6
        ],
        [
            34.3,
            329.0
        ],
        [
            39.4,
            345.2
        ],
        [
            36.1,
            337.8
        ]
    ],
    "Particles_Size": [
        349,
        613,
        466,
        311,
        null,
        588,
        350,
        574,
        182,
        484,
        null,
        null,
        null,
        null,
        333,
        334,
        316,
        null,
        null,
        null,
        104,
        95,
        56,
        72,
        38,
        82
    ],
    "Particles_Bbox": [
        [
            [
                4,
                244
            ],
            [
                119,
                134
            ]
        ],
        [
            [
                0,
                247
            ],
            [
                143,
                156
            ]
        ],
        [
            [
                0,
                245
            ],
            [
                135,
                136
            ]
        ],
        [
            [
                3,
                294
            ],
            [
                132,
                95
            ]
        ],
        null,
        [
            [
                0,
                264
            ],
            [
                140,
                130
            ]
        ],
        [
            [
                0,
                295
            ],
            [
                114,
                138
            ]
        ],
        [
            [
                0,
                262
            ],
            [
                153,
                136
            ]
        ],
        [
            [
                1,
                292
            ],
            [
                86,
                79
            ]
        ],
        [
            [
                1,
                266
            ],
            [
                151,
                131
            ]
        ],
        null,
        null,
        null,
        null,
        [
            [
                1,
                273
            ],
            [
                118,
                114
            ]
        ],
        [
            [
                2,
                276
            ],
            [
                118,
                102
            ]
        ],
        [
            [
                4,
                261
            ],
            [
                109,
                119
            ]
        ],
        null,
        null,
        null,
        [
            [
                17,
                327
            ],
            [
                56,
                62
            ]
        ],
        [
            [
                19,
                322
            ],
            [
                55,
                61
            ]
        ],
        [
            [
                22,
                326
            ],
            [
                48,
                35
            ]
        ],
        [
            [
                8,
                305
            ],
            [
                54,
                44
            ]
        ],
        [
            [
                26,
                330
            ],
            [
                30,
                29
            ]
        ],
        [
            [
                7,
                312
            ],
            [
                53,
                48
            ]
        ]
    ],
    "Particles_Max_Intensity": [
        [
            67
        ],
        [
            68
        ],
        [
            69
        ],
        [
            68
        ],
        null,
        [
            68
        ],
        [
            67
        ],
        [
            68
        ],
        [
            68
        ],
        [
            68
        ],
        null,
        null,
        null,
        null,
        [
            67
        ],
        [
            68
        ],
        [
            68
        ],
        null,
        null,
        null,
        [
            68
        ],
        [
            67
        ],
        [
            68
        ],
        [
            66
        ],
        [
            62
        ],
        [
            67
        ]
    ],
    "Track_ID": 83,
    "classification": "non-motile",
    "probability_motility": 0.2643659631945085
}