{
    "Times": [
        346,
        347,
        348,
        349,
        350,
        351,
        352,
        353,
        354,
        355,
        356,
        357,
        358,
        359,
        360,
        361,
        362
    ],
    "Particles_Position": [
        [
            88.5,
            862.4
        ],
        [
            63.8,
            864.4
        ],
        [
            51.5,
            869.9
        ],
        [
            50.6,
            872.0
        ],
        [
            46.4,
            874.3
        ],
        [
            39.4,
            876.0
        ],
        [
            36.7,
            877.7
        ],
        [
            30.0,
            878.0
        ],
        [
            33.4,
            892.4
        ],
        [
            33.0,
            890.0
        ],
        [
            26.7,
            891.9
        ],
        [
            30.4,
            895.7
        ],
        [
            26.4,
            908.4
        ],
        null,
        null,
        [
            19.2,
            908.3
        ],
        [
            21.5,
            925.5
        ]
    ],
    "Particles_Estimated_Position": [
        [
            88.5,
            862.4
        ],
        [
            63.8,
            864.4
        ],
        [
            51.5,
            869.9
        ],
        [
            50.6,
            872.0
        ],
        [
            46.4,
            874.3
        ],
        [
            39.4,
            876.0
        ],
        [
            36.7,
            877.7
        ],
        [
            30.0,
            878.0
        ],
        [
            33.4,
            892.4
        ],
        [
            33.0,
            890.0
        ],
        [
            26.7,
            891.9
        ],
        [
            30.4,
            895.7
        ],
        [
            26.4,
            908.4
        ],
        [
            24.0,
            908.3666666666667
        ],
        [
            21.599999999999998,
            908.3333333333333
        ],
        [
            19.2,
            908.3
        ],
        [
            21.5,
            925.5
        ]
    ],
    "Particles_Size": [
        175,
        311,
        329,
        317,
        370,
        276,
        275,
        238,
        287,
        355,
        189,
        252,
        103,
        null,
        null,
        114,
        87
    ],
    "Particles_Bbox": [
        [
            [
                32,
                821
            ],
            [
                89,
                79
            ]
        ],
        [
            [
                0,
                821
            ],
            [
                130,
                84
            ]
        ],
        [
            [
                0,
                830
            ],
            [
                111,
                85
            ]
        ],
        [
            [
                1,
                828
            ],
            [
                107,
                88
            ]
        ],
        [
            [
                0,
                823
            ],
            [
                104,
                102
            ]
        ],
        [
            [
                0,
                839
            ],
            [
                90,
                80
            ]
        ],
        [
            [
                0,
                835
            ],
            [
                89,
                81
            ]
        ],
        [
            [
                0,
                843
            ],
            [
                79,
                72
            ]
        ],
        [
            [
                0,
                839
            ],
            [
                84,
                104
            ]
        ],
        [
            [
                0,
                847
            ],
            [
                85,
                100
            ]
        ],
        [
            [
                0,
                852
            ],
            [
                63,
                83
            ]
        ],
        [
            [
                0,
                846
            ],
            [
                74,
                114
            ]
        ],
        [
            [
                0,
                873
            ],
            [
                53,
                67
            ]
        ],
        null,
        null,
        [
            [
                0,
                868
            ],
            [
                44,
                78
            ]
        ],
        [
            [
                1,
                896
            ],
            [
                47,
                54
            ]
        ]
    ],
    "Particles_Max_Intensity": [
        [
            57
        ],
        [
            60
        ],
        [
            61
        ],
        [
            59
        ],
        [
            60
        ],
        [
            58
        ],
        [
            59
        ],
        [
            58
        ],
        [
            58
        ],
        [
            58
        ],
        [
            59
        ],
        [
            58
        ],
        [
            55
        ],
        null,
        null,
        [
            54
        ],
        [
            57
        ]
    ],
    "Track_ID": 139,
    "classification": "non-motile",
    "probability_motility": 0.30189650419830627
}