{
    "Times": [
        386,
        387,
        388,
        389,
        390,
        391,
        392,
        393,
        394,
        395,
        396,
        397,
        398,
        399,
        400,
        401,
        402
    ],
    "Particles_Position": [
        [
            938.7,
            689.7
        ],
        [
            951.1,
            695.5
        ],
        [
            956.2,
            696.9
        ],
        [
            970.7,
            690.9
        ],
        [
            958.5,
            700.2
        ],
        null,
        null,
        null,
        null,
        [
            947.9,
            693.8
        ],
        [
            941.8,
            698.3
        ],
        [
            947.4,
            701.2
        ],
        [
            952.7,
            687.8
        ],
        null,
        null,
        [
            936.1,
            683.1
        ],
        [
            949.6,
            700.4
        ]
    ],
    "Particles_Estimated_Position": [
        [
            938.7,
            689.7
        ],
        [
            951.1,
            695.5
        ],
        [
            956.2,
            696.9
        ],
        [
            970.7,
            690.9
        ],
        [
            958.5,
            700.2
        ],
        [
            956.38,
            698.9200000000001
        ],
        [
            954.26,
            697.64
        ],
        [
            952.14,
            696.36
        ],
        [
            950.02,
            695.0799999999999
        ],
        [
            947.9,
            693.8
        ],
        [
            941.8,
            698.3
        ],
        [
            947.4,
            701.2
        ],
        [
            952.7,
            687.8
        ],
        [
            947.1666666666667,
            686.2333333333333
        ],
        [
            941.6333333333333,
            684.6666666666666
        ],
        [
            936.1,
            683.1
        ],
        [
            949.6,
            700.4
        ]
    ],
    "Particles_Size": [
        191,
        91,
        50,
        201,
        120,
        null,
        null,
        null,
        null,
        104,
        81,
        92,
        100,
        null,
        null,
        154,
        149
    ],
    "Particles_Bbox": [
        [
            [
                892,
                658
            ],
            [
                92,
                68
            ]
        ],
        [
            [
                927,
                665
            ],
            [
                49,
                62
            ]
        ],
        [
            [
                936,
                680
            ],
            [
                41,
                33
            ]
        ],
        [
            [
                931,
                632
            ],
            [
                90,
                106
            ]
        ],
        [
            [
                931,
                657
            ],
            [
                57,
                79
            ]
        ],
        null,
        null,
        null,
        null,
        [
            [
                919,
                666
            ],
            [
                57,
                54
            ]
        ],
        [
            [
                918,
                675
            ],
            [
                55,
                45
            ]
        ],
        [
            [
                919,
                679
            ],
            [
                61,
                52
            ]
        ],
        [
            [
                924,
                659
            ],
            [
                58,
                57
            ]
        ],
        null,
        null,
        [
            [
                889,
                650
            ],
            [
                90,
                68
            ]
        ],
        [
            [
                912,
                664
            ],
            [
                70,
                73
            ]
        ]
    ],
    "Particles_Max_Intensity": [
        [
            67
        ],
        [
            68
        ],
        [
            68
        ],
        [
            67
        ],
        [
            68
        ],
        null,
        null,
        null,
        null,
        [
            66
        ],
        [
            67
        ],
        [
            66
        ],
        [
            68
        ],
        null,
        null,
        [
            68
        ],
        [
            67
        ]
    ],
    "Track_ID": 169,
    "classification": "non-motile",
    "probability_motility": 0.3691393458480834
}