{
    "Times": [
        53,
        54,
        55,
        56,
        57,
        58,
        59,
        60,
        61,
        62,
        63,
        64,
        65,
        66,
        67,
        68,
        69,
        70,
        71,
        72,
        73,
        74,
        75,
        76
    ],
    "Particles_Position": [
        [
            394.4,
            797.6
        ],
        [
            394.9,
            790.0
        ],
        [
            396.7,
            788.1
        ],
        [
            408.2,
            777.1
        ],
        [
            396.3,
            788.1
        ],
        [
            397.0,
            786.3
        ],
        null,
        [
            410.9,
            774.9
        ],
        [
            396.7,
            786.2
        ],
        null,
        null,
        null,
        null,
        null,
        null,
        null,
        null,
        null,
        [
            396.1,
            793.5
        ],
        [
            398.3,
            790.6
        ],
        [
            398.1,
            784.5
        ],
        [
            407.2,
            772.2
        ],
        [
            409.6,
            768.2
        ],
        [
            401.5,
            783.7
        ]
    ],
    "Particles_Estimated_Position": [
        [
            394.4,
            797.6
        ],
        [
            394.9,
            790.0
        ],
        [
            396.7,
            788.1
        ],
        [
            408.2,
            777.1
        ],
        [
            396.3,
            788.1
        ],
        [
            397.0,
            786.3
        ],
        [
            403.95,
            780.5999999999999
        ],
        [
            410.9,
            774.9
        ],
        [
            396.7,
            786.2
        ],
        [
            396.64,
            786.9300000000001
        ],
        [
            396.58,
            787.6600000000001
        ],
        [
            396.52,
            788.39
        ],
        [
            396.46,
            789.12
        ],
        [
            396.4,
            789.85
        ],
        [
            396.34000000000003,
            790.58
        ],
        [
            396.28000000000003,
            791.3100000000001
        ],
        [
            396.22,
            792.04
        ],
        [
            396.16,
            792.77
        ],
        [
            396.1,
            793.5
        ],
        [
            398.3,
            790.6
        ],
        [
            398.1,
            784.5
        ],
        [
            407.2,
            772.2
        ],
        [
            409.6,
            768.2
        ],
        [
            401.5,
            783.7
        ]
    ],
    "Particles_Size": [
        11,
        15,
        13,
        24,
        14,
        12,
        null,
        22,
        18,
        null,
        null,
        null,
        null,
        null,
        null,
        null,
        null,
        null,
        11,
        12,
        12,
        12,
        26,
        12
    ],
    "Particles_Bbox": [
        [
            [
                387,
                789
            ],
            [
                12,
                15
            ]
        ],
        [
            [
                385,
                778
            ],
            [
                27,
                21
            ]
        ],
        [
            [
                385,
                778
            ],
            [
                26,
                21
            ]
        ],
        [
            [
                384,
                757
            ],
            [
                53,
                38
            ]
        ],
        [
            [
                385,
                778
            ],
            [
                30,
                20
            ]
        ],
        [
            [
                384,
                778
            ],
            [
                27,
                20
            ]
        ],
        null,
        [
            [
                384,
                754
            ],
            [
                55,
                41
            ]
        ],
        [
            [
                384,
                768
            ],
            [
                34,
                30
            ]
        ],
        null,
        null,
        null,
        null,
        null,
        null,
        null,
        null,
        null,
        [
            [
                389,
                777
            ],
            [
                15,
                24
            ]
        ],
        [
            [
                390,
                776
            ],
            [
                19,
                25
            ]
        ],
        [
            [
                389,
                775
            ],
            [
                18,
                24
            ]
        ],
        [
            [
                390,
                759
            ],
            [
                27,
                21
            ]
        ],
        [
            [
                389,
                744
            ],
            [
                42,
                55
            ]
        ],
        [
            [
                392,
                771
            ],
            [
                19,
                29
            ]
        ]
    ],
    "Particles_Max_Intensity": [
        [
            148
        ],
        [
            133
        ],
        [
            134
        ],
        [
            140
        ],
        [
            132
        ],
        [
            133
        ],
        null,
        [
            140
        ],
        [
            133
        ],
        null,
        null,
        null,
        null,
        null,
        null,
        null,
        null,
        null,
        [
            142
        ],
        [
            142
        ],
        [
            134
        ],
        [
            128
        ],
        [
            141
        ],
        [
            143
        ]
    ],
    "Track_ID": 46,
    "classification": "non-motile",
    "probability_motility": 0.42015089472877837
}