{
    "Times": [
        181,
        182,
        183,
        184,
        185,
        186,
        187,
        188,
        189,
        190,
        191,
        192,
        193,
        194,
        195,
        196,
        197
    ],
    "Particles_Position": [
        [
            848.4,
            868.3
        ],
        [
            847.1,
            860.6
        ],
        [
            844.7,
            859.1
        ],
        [
            847.2,
            862.2
        ],
        [
            845.6,
            861.5
        ],
        null,
        null,
        null,
        null,
        null,
        [
            847.2,
            859.8
        ],
        [
            844.3,
            860.0
        ],
        [
            842.5,
            862.0
        ],
        [
            843.4,
            860.7
        ],
        [
            846.8,
            866.9
        ],
        [
            847.7,
            866.6
        ],
        [
            846.8,
            864.2
        ]
    ],
    "Particles_Estimated_Position": [
        [
            848.4,
            868.3
        ],
        [
            847.1,
            860.6
        ],
        [
            844.7,
            859.1
        ],
        [
            847.2,
            862.2
        ],
        [
            845.6,
            861.5
        ],
        [
            845.8666666666667,
            861.2166666666667
        ],
        [
            846.1333333333333,
            860.9333333333333
        ],
        [
            846.4000000000001,
            860.65
        ],
        [
            846.6666666666667,
            860.3666666666667
        ],
        [
            846.9333333333334,
            860.0833333333333
        ],
        [
            847.2,
            859.8
        ],
        [
            844.3,
            860.0
        ],
        [
            842.5,
            862.0
        ],
        [
            843.4,
            860.7
        ],
        [
            846.8,
            866.9
        ],
        [
            847.7,
            866.6
        ],
        [
            846.8,
            864.2
        ]
    ],
    "Particles_Size": [
        15,
        15,
        22,
        18,
        14,
        null,
        null,
        null,
        null,
        null,
        13,
        18,
        15,
        13,
        13,
        18,
        13
    ],
    "Particles_Bbox": [
        [
            [
                842,
                855
            ],
            [
                14,
                31
            ]
        ],
        [
            [
                842,
                854
            ],
            [
                29,
                11
            ]
        ],
        [
            [
                828,
                843
            ],
            [
                30,
                23
            ]
        ],
        [
            [
                837,
                844
            ],
            [
                28,
                29
            ]
        ],
        [
            [
                838,
                854
            ],
            [
                20,
                12
            ]
        ],
        null,
        null,
        null,
        null,
        null,
        [
            [
                842,
                854
            ],
            [
                15,
                11
            ]
        ],
        [
            [
                839,
                851
            ],
            [
                10,
                15
            ]
        ],
        [
            [
                837,
                858
            ],
            [
                11,
                8
            ]
        ],
        [
            [
                838,
                857
            ],
            [
                10,
                8
            ]
        ],
        [
            [
                838,
                858
            ],
            [
                18,
                26
            ]
        ],
        [
            [
                839,
                854
            ],
            [
                17,
                31
            ]
        ],
        [
            [
                838,
                854
            ],
            [
                18,
                28
            ]
        ]
    ],
    "Particles_Max_Intensity": [
        [
            153
        ],
        [
            138
        ],
        [
            125
        ],
        [
            126
        ],
        [
            126
        ],
        null,
        null,
        null,
        null,
        null,
        [
            123
        ],
        [
            123
        ],
        [
            121
        ],
        [
            122
        ],
        [
            145
        ],
        [
            152
        ],
        [
            142
        ]
    ],
    "Track_ID": 82,
    "classification": "non-motile",
    "probability_motility": 0.4143746674404738
}