{
    "Times": [
        2,
        3,
        4,
        5,
        6,
        7,
        8,
        9,
        10,
        11,
        12,
        13,
        14
    ],
    "Particles_Position": [
        [
            498.2,
            161.8
        ],
        [
            501.8,
            163.5
        ],
        [
            495.6,
            164.0
        ],
        [
            470.0,
            163.0
        ],
        [
            460.3,
            154.7
        ],
        [
            447.5,
            141.9
        ],
        null,
        null,
        [
            492.3,
            160.2
        ],
        [
            513.0,
            170.8
        ],
        [
            506.2,
            167.0
        ],
        [
            508.2,
            167.2
        ],
        [
            510.8,
            169.2
        ]
    ],
    "Particles_Estimated_Position": [
        [
            498.2,
            161.8
        ],
        [
            501.8,
            163.5
        ],
        [
            495.6,
            164.0
        ],
        [
            470.0,
            163.0
        ],
        [
            460.3,
            154.7
        ],
        [
            447.5,
            141.9
        ],
        [
            462.43333333333334,
            148.0
        ],
        [
            477.3666666666667,
            154.1
        ],
        [
            492.3,
            160.2
        ],
        [
            513.0,
            170.8
        ],
        [
            506.2,
            167.0
        ],
        [
            508.2,
            167.2
        ],
        [
            510.8,
            169.2
        ]
    ],
    "Particles_Size": [
        31,
        25,
        34,
        25,
        23,
        24,
        null,
        null,
        26,
        30,
        29,
        20,
        8
    ],
    "Particles_Bbox": [
        [
            [
                491,
                157
            ],
            [
                11,
                11
            ]
        ],
        [
            [
                498,
                157
            ],
            [
                7,
                12
            ]
        ],
        [
            [
                491,
                157
            ],
            [
                9,
                14
            ]
        ],
        [
            [
                466,
                155
            ],
            [
                8,
                15
            ]
        ],
        [
            [
                455,
                141
            ],
            [
                24,
                23
            ]
        ],
        [
            [
                437,
                135
            ],
            [
                24,
                14
            ]
        ],
        null,
        null,
        [
            [
                488,
                127
            ],
            [
                15,
                44
            ]
        ],
        [
            [
                509,
                168
            ],
            [
                8,
                6
            ]
        ],
        [
            [
                503,
                161
            ],
            [
                6,
                11
            ]
        ],
        [
            [
                503,
                163
            ],
            [
                9,
                9
            ]
        ],
        [
            [
                506,
                165
            ],
            [
                8,
                7
            ]
        ]
    ],
    "Particles_Max_Intensity": [
        [
            117
        ],
        [
            113
        ],
        [
            119
        ],
        [
            124
        ],
        [
            125
        ],
        [
            113
        ],
        null,
        null,
        [
            118
        ],
        [
            133
        ],
        [
            122
        ],
        [
            120
        ],
        [
            121
        ]
    ],
    "Track_ID": 29,
    "classification": "non-motile",
    "probability_motility": 0.4662504311132484
}