{
    "Times": [
        30,
        31,
        32,
        33,
        34,
        35,
        36,
        37,
        38,
        39,
        40,
        41,
        42,
        43,
        44,
        45
    ],
    "Particles_Position": [
        [
            827.4,
            227.0
        ],
        [
            824.2,
            230.0
        ],
        [
            824.8,
            231.9
        ],
        [
            820.8,
            229.3
        ],
        [
            824.6,
            227.4
        ],
        [
            828.9,
            228.2
        ],
        [
            823.9,
            232.1
        ],
        [
            828.1,
            233.1
        ],
        [
            826.2,
            233.2
        ],
        [
            826.3,
            232.3
        ],
        [
            826.9,
            231.6
        ],
        [
            825.9,
            234.0
        ],
        null,
        null,
        [
            826.2,
            230.3
        ],
        [
            826.3,
            231.3
        ]
    ],
    "Particles_Estimated_Position": [
        [
            827.4,
            227.0
        ],
        [
            824.2,
            230.0
        ],
        [
            824.8,
            231.9
        ],
        [
            820.8,
            229.3
        ],
        [
            824.6,
            227.4
        ],
        [
            828.9,
            228.2
        ],
        [
            823.9,
            232.1
        ],
        [
            828.1,
            233.1
        ],
        [
            826.2,
            233.2
        ],
        [
            826.3,
            232.3
        ],
        [
            826.9,
            231.6
        ],
        [
            825.9,
            234.0
        ],
        [
            826.0,
            232.76666666666668
        ],
        [
            826.1,
            231.53333333333333
        ],
        [
            826.2,
            230.3
        ],
        [
            826.3,
            231.3
        ]
    ],
    "Particles_Size": [
        7,
        12,
        10,
        6,
        10,
        10,
        8,
        14,
        12,
        13,
        11,
        14,
        null,
        null,
        6,
        10
    ],
    "Particles_Bbox": [
        [
            [
                822,
                219
            ],
            [
                9,
                16
            ]
        ],
        [
            [
                817,
                219
            ],
            [
                20,
                25
            ]
        ],
        [
            [
                818,
                222
            ],
            [
                19,
                28
            ]
        ],
        [
            [
                820,
                222
            ],
            [
                3,
                11
            ]
        ],
        [
            [
                820,
                219
            ],
            [
                12,
                14
            ]
        ],
        [
            [
                822,
                219
            ],
            [
                15,
                23
            ]
        ],
        [
            [
                821,
                229
            ],
            [
                10,
                5
            ]
        ],
        [
            [
                821,
                222
            ],
            [
                20,
                27
            ]
        ],
        [
            [
                821,
                228
            ],
            [
                18,
                20
            ]
        ],
        [
            [
                820,
                222
            ],
            [
                17,
                28
            ]
        ],
        [
            [
                821,
                227
            ],
            [
                10,
                8
            ]
        ],
        [
            [
                819,
                226
            ],
            [
                12,
                36
            ]
        ],
        null,
        null,
        [
            [
                818,
                219
            ],
            [
                23,
                21
            ]
        ],
        [
            [
                821,
                219
            ],
            [
                13,
                21
            ]
        ]
    ],
    "Particles_Max_Intensity": [
        [
            113
        ],
        [
            111
        ],
        [
            112
        ],
        [
            97
        ],
        [
            110
        ],
        [
            115
        ],
        [
            94
        ],
        [
            109
        ],
        [
            111
        ],
        [
            114
        ],
        [
            96
        ],
        [
            119
        ],
        null,
        null,
        [
            112
        ],
        [
            105
        ]
    ],
    "Track_ID": 46,
    "classification": "non-motile",
    "probability_motility": 0.3220899567557424
}