{
    "Times": [
        66,
        67,
        68,
        69,
        70,
        71,
        72,
        73,
        74,
        75,
        76,
        77,
        78,
        79,
        80,
        81
    ],
    "Particles_Position": [
        [
            446.9,
            1010.4
        ],
        [
            446.3,
            1010.5
        ],
        null,
        null,
        null,
        null,
        null,
        [
            445.8,
            1011.0
        ],
        [
            446.3,
            1011.5
        ],
        [
            445.9,
            1011.4
        ],
        [
            446.3,
            1011.3
        ],
        [
            446.8,
            1011.5
        ],
        [
            448.4,
            1011.0
        ],
        null,
        [
            449.0,
            1011.3
        ],
        [
            447.1,
            1010.4
        ]
    ],
    "Particles_Estimated_Position": [
        [
            446.9,
            1010.4
        ],
        [
            446.3,
            1010.5
        ],
        [
            446.2166666666667,
            1010.5833333333334
        ],
        [
            446.1333333333333,
            1010.6666666666666
        ],
        [
            446.05,
            1010.75
        ],
        [
            445.9666666666667,
            1010.8333333333334
        ],
        [
            445.8833333333333,
            1010.9166666666666
        ],
        [
            445.8,
            1011.0
        ],
        [
            446.3,
            1011.5
        ],
        [
            445.9,
            1011.4
        ],
        [
            446.3,
            1011.3
        ],
        [
            446.8,
            1011.5
        ],
        [
            448.4,
            1011.0
        ],
        [
            448.7,
            1011.15
        ],
        [
            449.0,
            1011.3
        ],
        [
            447.1,
            1010.4
        ]
    ],
    "Particles_Size": [
        7,
        6,
        null,
        null,
        null,
        null,
        null,
        6,
        6,
        7,
        7,
        11,
        8,
        null,
        9,
        7
    ],
    "Particles_Bbox": [
        [
            [
                445,
                1009
            ],
            [
                5,
                3
            ]
        ],
        [
            [
                445,
                1009
            ],
            [
                4,
                3
            ]
        ],
        null,
        null,
        null,
        null,
        null,
        [
            [
                444,
                1010
            ],
            [
                5,
                2
            ]
        ],
        [
            [
                444,
                1011
            ],
            [
                6,
                1
            ]
        ],
        [
            [
                444,
                1010
            ],
            [
                4,
                3
            ]
        ],
        [
            [
                444,
                1010
            ],
            [
                4,
                2
            ]
        ],
        [
            [
                444,
                1010
            ],
            [
                6,
                3
            ]
        ],
        [
            [
                444,
                1010
            ],
            [
                7,
                2
            ]
        ],
        null,
        [
            [
                445,
                1010
            ],
            [
                7,
                2
            ]
        ],
        [
            [
                445,
                1009
            ],
            [
                4,
                2
            ]
        ]
    ],
    "Particles_Max_Intensity": [
        [
            140
        ],
        [
            140
        ],
        null,
        null,
        null,
        null,
        null,
        [
            139
        ],
        [
            142
        ],
        [
            141
        ],
        [
            142
        ],
        [
            140
        ],
        [
            142
        ],
        null,
        [
            142
        ],
        [
            140
        ]
    ],
    "Track_ID": 71,
    "classification": "non-motile",
    "probability_motility": 0.4148549980523305
}