{
    "Times": [
        115,
        116,
        117,
        118,
        119,
        120,
        121,
        122,
        123,
        124,
        125,
        126,
        127,
        128,
        129,
        130,
        131
    ],
    "Particles_Position": [
        [
            654.6,
            900.9
        ],
        [
            656.0,
            899.5
        ],
        [
            655.0,
            899.9
        ],
        [
            655.2,
            899.0
        ],
        null,
        null,
        null,
        null,
        null,
        [
            655.9,
            899.4
        ],
        [
            655.1,
            898.8
        ],
        [
            655.0,
            899.2
        ],
        [
            655.1,
            899.4
        ],
        null,
        [
            657.6,
            898.7
        ],
        [
            654.9,
            899.3
        ],
        [
            655.0,
            899.1
        ]
    ],
    "Particles_Estimated_Position": [
        [
            654.6,
            900.9
        ],
        [
            656.0,
            899.5
        ],
        [
            655.0,
            899.9
        ],
        [
            655.2,
            899.0
        ],
        [
            655.3166666666667,
            899.0666666666666
        ],
        [
            655.4333333333334,
            899.1333333333333
        ],
        [
            655.55,
            899.2
        ],
        [
            655.6666666666666,
            899.2666666666667
        ],
        [
            655.7833333333333,
            899.3333333333333
        ],
        [
            655.9,
            899.4
        ],
        [
            655.1,
            898.8
        ],
        [
            655.0,
            899.2
        ],
        [
            655.1,
            899.4
        ],
        [
            656.35,
            899.05
        ],
        [
            657.6,
            898.7
        ],
        [
            654.9,
            899.3
        ],
        [
            655.0,
            899.1
        ]
    ],
    "Particles_Size": [
        7,
        8,
        8,
        10,
        null,
        null,
        null,
        null,
        null,
        8,
        9,
        9,
        8,
        null,
        7,
        9,
        8
    ],
    "Particles_Bbox": [
        [
            [
                651,
                898
            ],
            [
                6,
                5
            ]
        ],
        [
            [
                652,
                897
            ],
            [
                7,
                5
            ]
        ],
        [
            [
                651,
                897
            ],
            [
                8,
                5
            ]
        ],
        [
            [
                651,
                896
            ],
            [
                8,
                6
            ]
        ],
        null,
        null,
        null,
        null,
        null,
        [
            [
                651,
                897
            ],
            [
                8,
                5
            ]
        ],
        [
            [
                651,
                896
            ],
            [
                8,
                6
            ]
        ],
        [
            [
                651,
                897
            ],
            [
                8,
                5
            ]
        ],
        [
            [
                651,
                897
            ],
            [
                8,
                5
            ]
        ],
        null,
        [
            [
                656,
                897
            ],
            [
                3,
                4
            ]
        ],
        [
            [
                651,
                897
            ],
            [
                8,
                5
            ]
        ],
        [
            [
                651,
                897
            ],
            [
                8,
                5
            ]
        ]
    ],
    "Particles_Max_Intensity": [
        [
            98
        ],
        [
            91
        ],
        [
            82
        ],
        [
            84
        ],
        null,
        null,
        null,
        null,
        null,
        [
            88
        ],
        [
            85
        ],
        [
            88
        ],
        [
            85
        ],
        null,
        [
            91
        ],
        [
            89
        ],
        [
            88
        ]
    ],
    "Track_ID": 96,
    "classification": "non-motile",
    "probability_motility": 0.37856701444960283
}