{
    "Times": [
        208,
        209,
        210,
        211,
        212,
        213,
        214,
        215,
        216,
        217,
        218,
        219,
        220,
        221,
        222,
        223,
        224,
        225,
        226,
        227,
        228,
        229,
        230,
        231
    ],
    "Particles_Position": [
        [
            710.0,
            637.7
        ],
        [
            710.3,
            638.7
        ],
        [
            709.0,
            639.0
        ],
        [
            709.3,
            639.3
        ],
        null,
        null,
        [
            705.9,
            631.9
        ],
        [
            714.7,
            617.4
        ],
        [
            714.0,
            602.1
        ],
        [
            719.5,
            603.0
        ],
        [
            714.2,
            610.1
        ],
        [
            706.9,
            640.8
        ],
        [
            707.0,
            634.1
        ],
        [
            711.2,
            618.1
        ],
        [
            720.1,
            607.3
        ],
        [
            715.8,
            604.5
        ],
        [
            716.3,
            621.4
        ],
        [
            718.0,
            613.0
        ],
        [
            715.0,
            612.2
        ],
        [
            715.5,
            614.0
        ],
        [
            715.6,
            608.8
        ],
        null,
        [
            717.4,
            610.4
        ],
        [
            716.7,
            611.3
        ]
    ],
    "Particles_Estimated_Position": [
        [
            710.0,
            637.7
        ],
        [
            710.3,
            638.7
        ],
        [
            709.0,
            639.0
        ],
        [
            709.3,
            639.3
        ],
        [
            708.1666666666666,
            636.8333333333333
        ],
        [
            707.0333333333333,
            634.3666666666667
        ],
        [
            705.9,
            631.9
        ],
        [
            714.7,
            617.4
        ],
        [
            714.0,
            602.1
        ],
        [
            719.5,
            603.0
        ],
        [
            714.2,
            610.1
        ],
        [
            706.9,
            640.8
        ],
        [
            707.0,
            634.1
        ],
        [
            711.2,
            618.1
        ],
        [
            720.1,
            607.3
        ],
        [
            715.8,
            604.5
        ],
        [
            716.3,
            621.4
        ],
        [
            718.0,
            613.0
        ],
        [
            715.0,
            612.2
        ],
        [
            715.5,
            614.0
        ],
        [
            715.6,
            608.8
        ],
        [
            716.5,
            609.5999999999999
        ],
        [
            717.4,
            610.4
        ],
        [
            716.7,
            611.3
        ]
    ],
    "Particles_Size": [
        14,
        7,
        8,
        11,
        null,
        null,
        15,
        43,
        21,
        21,
        13,
        12,
        9,
        8,
        27,
        25,
        19,
        7,
        11,
        6,
        8,
        null,
        17,
        10
    ],
    "Particles_Bbox": [
        [
            [
                704,
                635
            ],
            [
                10,
                6
            ]
        ],
        [
            [
                708,
                637
            ],
            [
                6,
                4
            ]
        ],
        [
            [
                704,
                637
            ],
            [
                11,
                7
            ]
        ],
        [
            [
                703,
                637
            ],
            [
                11,
                5
            ]
        ],
        null,
        null,
        [
            [
                698,
                611
            ],
            [
                17,
                31
            ]
        ],
        [
            [
                702,
                579
            ],
            [
                32,
                65
            ]
        ],
        [
            [
                698,
                579
            ],
            [
                35,
                41
            ]
        ],
        [
            [
                706,
                579
            ],
            [
                34,
                37
            ]
        ],
        [
            [
                704,
                593
            ],
            [
                28,
                24
            ]
        ],
        [
            [
                699,
                638
            ],
            [
                14,
                5
            ]
        ],
        [
            [
                703,
                608
            ],
            [
                10,
                36
            ]
        ],
        [
            [
                706,
                603
            ],
            [
                10,
                36
            ]
        ],
        [
            [
                702,
                559
            ],
            [
                35,
                85
            ]
        ],
        [
            [
                705,
                571
            ],
            [
                28,
                70
            ]
        ],
        [
            [
                704,
                603
            ],
            [
                34,
                40
            ]
        ],
        [
            [
                712,
                607
            ],
            [
                12,
                9
            ]
        ],
        [
            [
                701,
                595
            ],
            [
                23,
                32
            ]
        ],
        [
            [
                711,
                612
            ],
            [
                10,
                4
            ]
        ],
        [
            [
                704,
                595
            ],
            [
                25,
                21
            ]
        ],
        null,
        [
            [
                704,
                602
            ],
            [
                32,
                27
            ]
        ],
        [
            [
                705,
                604
            ],
            [
                19,
                16
            ]
        ]
    ],
    "Particles_Max_Intensity": [
        [
            92
        ],
        [
            94
        ],
        [
            91
        ],
        [
            92
        ],
        null,
        null,
        [
            110
        ],
        [
            115
        ],
        [
            108
        ],
        [
            113
        ],
        [
            111
        ],
        [
            104
        ],
        [
            108
        ],
        [
            111
        ],
        [
            112
        ],
        [
            112
        ],
        [
            113
        ],
        [
            108
        ],
        [
            114
        ],
        [
            114
        ],
        [
            112
        ],
        null,
        [
            113
        ],
        [
            112
        ]
    ],
    "Track_ID": 146,
    "classification": "non-motile",
    "probability_motility": 0.44051023649396903
}