{
    "Times": [
        281,
        282,
        283,
        284,
        285,
        286,
        287,
        288,
        289,
        290,
        291,
        292,
        293,
        294,
        295,
        296,
        297,
        298
    ],
    "Particles_Position": [
        [
            1012.3,
            265.7
        ],
        [
            1012.4,
            270.7
        ],
        [
            1012.9,
            273.6
        ],
        [
            1010.8,
            273.0
        ],
        [
            1012.0,
            267.3
        ],
        [
            1012.7,
            268.1
        ],
        [
            1013.7,
            267.4
        ],
        [
            1014.0,
            268.0
        ],
        [
            1013.5,
            267.8
        ],
        [
            1014.8,
            267.6
        ],
        null,
        null,
        null,
        [
            1012.9,
            266.0
        ],
        [
            1014.2,
            267.8
        ],
        [
            1014.8,
            270.2
        ],
        [
            1013.6,
            270.6
        ],
        [
            1010.9,
            270.1
        ]
    ],
    "Particles_Estimated_Position": [
        [
            1012.3,
            265.7
        ],
        [
            1012.4,
            270.7
        ],
        [
            1012.9,
            273.6
        ],
        [
            1010.8,
            273.0
        ],
        [
            1012.0,
            267.3
        ],
        [
            1012.7,
            268.1
        ],
        [
            1013.7,
            267.4
        ],
        [
            1014.0,
            268.0
        ],
        [
            1013.5,
            267.8
        ],
        [
            1014.8,
            267.6
        ],
        [
            1014.3249999999999,
            267.20000000000005
        ],
        [
            1013.8499999999999,
            266.8
        ],
        [
            1013.375,
            266.4
        ],
        [
            1012.9,
            266.0
        ],
        [
            1014.2,
            267.8
        ],
        [
            1014.8,
            270.2
        ],
        [
            1013.6,
            270.6
        ],
        [
            1010.9,
            270.1
        ]
    ],
    "Particles_Size": [
        7,
        14,
        11,
        10,
        9,
        11,
        17,
        23,
        19,
        16,
        null,
        null,
        null,
        8,
        13,
        9,
        8,
        7
    ],
    "Particles_Bbox": [
        [
            [
                1005,
                263
            ],
            [
                18,
                7
            ]
        ],
        [
            [
                1005,
                247
            ],
            [
                17,
                45
            ]
        ],
        [
            [
                1001,
                259
            ],
            [
                22,
                33
            ]
        ],
        [
            [
                1005,
                263
            ],
            [
                17,
                29
            ]
        ],
        [
            [
                1005,
                259
            ],
            [
                18,
                25
            ]
        ],
        [
            [
                1000,
                259
            ],
            [
                23,
                32
            ]
        ],
        [
            [
                1002,
                254
            ],
            [
                21,
                24
            ]
        ],
        [
            [
                1002,
                254
            ],
            [
                21,
                24
            ]
        ],
        [
            [
                1005,
                254
            ],
            [
                18,
                24
            ]
        ],
        [
            [
                1006,
                254
            ],
            [
                16,
                36
            ]
        ],
        null,
        null,
        null,
        [
            [
                1006,
                254
            ],
            [
                16,
                22
            ]
        ],
        [
            [
                1005,
                254
            ],
            [
                18,
                24
            ]
        ],
        [
            [
                1007,
                263
            ],
            [
                16,
                15
            ]
        ],
        [
            [
                1006,
                263
            ],
            [
                17,
                15
            ]
        ],
        [
            [
                1006,
                263
            ],
            [
                16,
                22
            ]
        ]
    ],
    "Particles_Max_Intensity": [
        [
            106
        ],
        [
            107
        ],
        [
            109
        ],
        [
            107
        ],
        [
            109
        ],
        [
            109
        ],
        [
            108
        ],
        [
            108
        ],
        [
            107
        ],
        [
            106
        ],
        null,
        null,
        null,
        [
            105
        ],
        [
            105
        ],
        [
            103
        ],
        [
            104
        ],
        [
            102
        ]
    ],
    "Track_ID": 187,
    "classification": "non-motile",
    "probability_motility": 0.38909845314773345
}