{
    "Times": [
        48,
        49,
        50,
        51,
        52,
        53,
        54,
        55,
        56,
        57,
        58,
        59,
        60,
        61,
        62,
        63,
        64,
        65,
        66,
        67
    ],
    "Particles_Position": [
        [
            67.3,
            347.3
        ],
        [
            83.0,
            352.2
        ],
        [
            85.4,
            352.9
        ],
        [
            110.9,
            337.1
        ],
        [
            93.0,
            334.4
        ],
        null,
        null,
        [
            87.4,
            340.8
        ],
        [
            81.2,
            327.5
        ],
        [
            88.3,
            329.7
        ],
        null,
        null,
        null,
        null,
        null,
        null,
        null,
        null,
        [
            88.8,
            334.5
        ],
        [
            103.4,
            348.2
        ]
    ],
    "Particles_Estimated_Position": [
        [
            67.3,
            347.3
        ],
        [
            83.0,
            352.2
        ],
        [
            85.4,
            352.9
        ],
        [
            110.9,
            337.1
        ],
        [
            93.0,
            334.4
        ],
        [
            91.13333333333334,
            336.5333333333333
        ],
        [
            89.26666666666667,
            338.6666666666667
        ],
        [
            87.4,
            340.8
        ],
        [
            81.2,
            327.5
        ],
        [
            88.3,
            329.7
        ],
        [
            88.35555555555555,
            330.23333333333335
        ],
        [
            88.41111111111111,
            330.76666666666665
        ],
        [
            88.46666666666667,
            331.3
        ],
        [
            88.52222222222223,
            331.8333333333333
        ],
        [
            88.57777777777777,
            332.3666666666667
        ],
        [
            88.63333333333333,
            332.9
        ],
        [
            88.68888888888888,
            333.43333333333334
        ],
        [
            88.74444444444444,
            333.96666666666664
        ],
        [
            88.8,
            334.5
        ],
        [
            103.4,
            348.2
        ]
    ],
    "Particles_Size": [
        21,
        40,
        34,
        57,
        19,
        null,
        null,
        16,
        42,
        33,
        null,
        null,
        null,
        null,
        null,
        null,
        null,
        null,
        26,
        26
    ],
    "Particles_Bbox": [
        [
            [
                45,
                339
            ],
            [
                36,
                27
            ]
        ],
        [
            [
                45,
                328
            ],
            [
                79,
                49
            ]
        ],
        [
            [
                54,
                327
            ],
            [
                58,
                48
            ]
        ],
        [
            [
                55,
                308
            ],
            [
                108,
                60
            ]
        ],
        [
            [
                63,
                312
            ],
            [
                46,
                43
            ]
        ],
        null,
        null,
        [
            [
                66,
                324
            ],
            [
                40,
                31
            ]
        ],
        [
            [
                49,
                290
            ],
            [
                71,
                72
            ]
        ],
        [
            [
                54,
                296
            ],
            [
                69,
                66
            ]
        ],
        null,
        null,
        null,
        null,
        null,
        null,
        null,
        null,
        [
            [
                55,
                311
            ],
            [
                57,
                44
            ]
        ],
        [
            [
                71,
                326
            ],
            [
                58,
                56
            ]
        ]
    ],
    "Particles_Max_Intensity": [
        [
            110
        ],
        [
            121
        ],
        [
            120
        ],
        [
            129
        ],
        [
            125
        ],
        null,
        null,
        [
            127
        ],
        [
            124
        ],
        [
            118
        ],
        null,
        null,
        null,
        null,
        null,
        null,
        null,
        null,
        [
            118
        ],
        [
            132
        ]
    ],
    "Track_ID": 12,
    "classification": "non-motile",
    "probability_motility": 0.49535066342409306
}