{
    "Times": [
        82,
        83,
        84,
        85,
        86,
        87,
        88,
        89,
        90,
        91,
        92,
        93,
        94,
        95,
        96,
        97,
        98,
        99,
        100,
        101,
        102,
        103,
        104,
        105,
        106,
        107,
        108,
        109,
        110,
        111,
        112,
        113,
        114,
        115,
        116
    ],
    "Particles_Position": [
        [
            899.9,
            687.1
        ],
        [
            928.1,
            700.7
        ],
        null,
        null,
        null,
        null,
        null,
        null,
        null,
        null,
        null,
        null,
        null,
        null,
        null,
        null,
        [
            905.0,
            701.0
        ],
        [
            890.9,
            707.3
        ],
        [
            876.9,
            697.0
        ],
        [
            895.8,
            711.3
        ],
        [
            895.8,
            699.3
        ],
        [
            870.4,
            704.3
        ],
        [
            896.0,
            698.3
        ],
        [
            865.4,
            703.6
        ],
        [
            888.3,
            698.6
        ],
        [
            862.4,
            707.8
        ],
        [
            866.3,
            700.4
        ],
        [
            866.5,
            702.2
        ],
        [
            861.1,
            695.2
        ],
        [
            864.6,
            702.8
        ],
        [
            890.5,
            701.5
        ],
        [
            863.6,
            702.2
        ],
        [
            862.1,
            696.6
        ],
        [
            864.0,
            688.4
        ],
        [
            840.7,
            679.3
        ]
    ],
    "Particles_Estimated_Position": [
        [
            899.9,
            687.1
        ],
        [
            928.1,
            700.7
        ],
        [
            926.5600000000001,
            700.72
        ],
        [
            925.02,
            700.74
        ],
        [
            923.48,
            700.76
        ],
        [
            921.94,
            700.7800000000001
        ],
        [
            920.4,
            700.8000000000001
        ],
        [
            918.86,
            700.82
        ],
        [
            917.32,
            700.84
        ],
        [
            915.78,
            700.86
        ],
        [
            914.24,
            700.88
        ],
        [
            912.7,
            700.9
        ],
        [
            911.16,
            700.92
        ],
        [
            909.62,
            700.94
        ],
        [
            908.08,
            700.96
        ],
        [
            906.54,
            700.98
        ],
        [
            905.0,
            701.0
        ],
        [
            890.9,
            707.3
        ],
        [
            876.9,
            697.0
        ],
        [
            895.8,
            711.3
        ],
        [
            895.8,
            699.3
        ],
        [
            870.4,
            704.3
        ],
        [
            896.0,
            698.3
        ],
        [
            865.4,
            703.6
        ],
        [
            888.3,
            698.6
        ],
        [
            862.4,
            707.8
        ],
        [
            866.3,
            700.4
        ],
        [
            866.5,
            702.2
        ],
        [
            861.1,
            695.2
        ],
        [
            864.6,
            702.8
        ],
        [
            890.5,
            701.5
        ],
        [
            863.6,
            702.2
        ],
        [
            862.1,
            696.6
        ],
        [
            864.0,
            688.4
        ],
        [
            840.7,
            679.3
        ]
    ],
    "Particles_Size": [
        495,
        585,
        null,
        null,
        null,
        null,
        null,
        null,
        null,
        null,
        null,
        null,
        null,
        null,
        null,
        null,
        366,
        270,
        175,
        422,
        352,
        227,
        391,
        273,
        478,
        228,
        214,
        267,
        272,
        311,
        722,
        222,
        271,
        390,
        1464
    ],