{
    "Times": [
        98,
        99,
        100,
        101,
        102,
        103,
        104,
        105,
        106,
        107,
        108,
        109,
        110,
        111,
        112,
        113,
        114
    ],
    "Particles_Position": [
        [
            228.4,
            61.8
        ],
        [
            227.5,
            54.7
        ],
        [
            229.0,
            58.4
        ],
        [
            222.6,
            52.3
        ],
        [
            226.3,
            48.4
        ],
        [
            225.6,
            45.4
        ],
        null,
        [
            232.7,
            48.3
        ],
        [
            232.9,
            52.4
        ],
        [
            227.3,
            35.6
        ],
        [
            232.0,
            39.4
        ],
        [
            228.3,
            31.4
        ],
        [
            228.2,
            40.5
        ],
        [
            232.0,
            46.8
        ],
        [
            227.6,
            37.8
        ],
        [
            229.7,
            35.3
        ],
        [
            231.3,
            52.7
        ]
    ],
    "Particles_Estimated_Position": [
        [
            228.4,
            61.8
        ],
        [
            227.5,
            54.7
        ],
        [
            229.0,
            58.4
        ],
        [
            222.6,
            52.3
        ],
        [
            226.3,
            48.4
        ],
        [
            225.6,
            45.4
        ],
        [
            229.14999999999998,
            46.849999999999994
        ],
        [
            232.7,
            48.3
        ],
        [
            232.9,
            52.4
        ],
        [
            227.3,
            35.6
        ],
        [
            232.0,
            39.4
        ],
        [
            228.3,
            31.4
        ],
        [
            228.2,
            40.5
        ],
        [
            232.0,
            46.8
        ],
        [
            227.6,
            37.8
        ],
        [
            229.7,
            35.3
        ],
        [
            231.3,
            52.7
        ]
    ],
    "Particles_Size": [
        413,
        326,
        271,
        350,
        307,
        233,
        null,
        356,
        373,
        291,
        408,
        365,
        383,
        378,
        392,
        373,
        387
    ],
    "Particles_Bbox": [
        [
            [
                182,
                0
            ],
            [
                106,
                130
            ]
        ],
        [
            [
                183,
                0
            ],
            [
                90,
                109
            ]
        ],
        [
            [
                190,
                3
            ],
            [
                92,
                99
            ]
        ],
        [
            [
                181,
                0
            ],
            [
                90,
                119
            ]
        ],
        [
            [
                181,
                0
            ],
            [
                95,
                102
            ]
        ],
        [
            [
                181,
                0
            ],
            [
                87,
                87
            ]
        ],
        null,
        [
            [
                182,
                0
            ],
            [
                105,
                111
            ]
        ],
        [
            [
                179,
                0
            ],
            [
                103,
                105
            ]
        ],
        [
            [
                181,
                0
            ],
            [
                96,
                79
            ]
        ],
        [
            [
                178,
                0
            ],
            [
                106,
                102
            ]
        ],
        [
            [
                172,
                0
            ],
            [
                109,
                76
            ]
        ],
        [
            [
                181,
                0
            ],
            [
                96,
                91
            ]
        ],
        [
            [
                177,
                0
            ],
            [
                110,
                104
            ]
        ],
        [
            [
                178,
                0
            ],
            [
                101,
                98
            ]
        ],
        [
            [
                182,
                0
            ],
            [
                99,
                85
            ]
        ],
        [
            [
                177,
                2
            ],
            [
                109,
                110
            ]
        ]
    ],
    "Particles_Max_Intensity": [
        [
            61
        ],
        [
            60
        ],
        [
            61
        ],
        [
            60
        ],
        [
            61
        ],
        [
            59
        ],
        null,
        [
            61
        ],
        [
            61
        ],
        [
            61
        ],
        [
            61
        ],
        [
            60
        ],
        [
            60
        ],
        [
            61
        ],
        [
            60
        ],
        [
            60
        ],
        [
            61
        ]
    ],
    "Track_ID": 55,
    "classification": "non-motile",
    "probability_motility": 0.34865278981106457
}