{
    "Times": [
        113,
        114,
        115,
        116,
        117,
        118,
        119,
        120,
        121,
        122,
        123,
        124,
        125,
        126,
        127,
        128,
        129,
        130,
        131,
        132,
        133,
        134,
        135
    ],
    "Particles_Position": [
        [
            927.8,
            704.0
        ],
        [
            945.9,
            685.1
        ],
        [
            945.3,
            696.0
        ],
        null,
        [
            956.1,
            696.9
        ],
        [
            948.0,
            689.0
        ],
        [
            956.6,
            684.7
        ],
        [
            935.4,
            692.7
        ],
        null,
        null,
        null,
        null,
        null,
        null,
        [
            948.3,
            693.6
        ],
        [
            935.4,
            690.5
        ],
        [
            949.3,
            689.0
        ],
        [
            949.9,
            695.7
        ],
        null,
        [
            935.1,
            703.1
        ],
        [
            958.0,
            699.1
        ],
        [
            949.7,
            687.3
        ],
        [
            956.2,
            694.3
        ]
    ],
    "Particles_Estimated_Position": [
        [
            927.8,
            704.0
        ],
        [
            945.9,
            685.1
        ],
        [
            945.3,
            696.0
        ],
        [
            950.7,
            696.45
        ],
        [
            956.1,
            696.9
        ],
        [
            948.0,
            689.0
        ],
        [
            956.6,
            684.7
        ],
        [
            935.4,
            692.7
        ],
        [
            937.2428571428571,
            692.8285714285714
        ],
        [
            939.0857142857143,
            692.9571428571429
        ],
        [
            940.9285714285714,
            693.0857142857143
        ],
        [
            942.7714285714285,
            693.2142857142858
        ],
        [
            944.6142857142856,
            693.3428571428572
        ],
        [
            946.4571428571428,
            693.4714285714286
        ],
        [
            948.3,
            693.6
        ],
        [
            935.4,
            690.5
        ],
        [
            949.3,
            689.0
        ],
        [
            949.9,
            695.7
        ],
        [
            942.5,
            699.4000000000001
        ],
        [
            935.1,
            703.1
        ],
        [
            958.0,
            699.1
        ],
        [
            949.7,
            687.3
        ],
        [
            956.2,
            694.3
        ]
    ],
    "Particles_Size": [
        95,
        89,
        136,
        null,
        70,
        88,
        38,
        98,
        null,
        null,
        null,
        null,
        null,
        null,
        87,
        37,
        81,
        114,
        null,
        112,
        42,
        42,
        62
    ],
    "Particles_Bbox": [
        [
            [
                895,
                672
            ],
            [
                61,
                65
            ]
        ],
        [
            [
                911,
                659
            ],
            [
                63,
                56
            ]
        ],
        [
            [
                914,
                657
            ],
            [
                58,
                82
            ]
        ],
        null,
        [
            [
                932,
                668
            ],
            [
                48,
                55
            ]
        ],
        [
            [
                918,
                659
            ],
            [
                57,
                60
            ]
        ],
        [
            [
                940,
                667
            ],
            [
                31,
                31
            ]
        ],
        [
            [
                900,
                671
            ],
            [
                70,
                46
            ]
        ],
        null,
        null,
        null,
        null,
        null,
        null,
        [
            [
                916,
                670
            ],
            [
                58,
                47
            ]
        ],
        [
            [
                917,
                673
            ],
            [
                30,
                32
            ]
        ],
        [
            [
                924,
                658
            ],
            [
                48,
                57
            ]
        ],
        [
            [
                918,
                663
            ],
            [
                57,
                66
            ]
        ],
        null,
        [
            [
                900,
                675
            ],
            [
                67,
                58
            ]
        ],
        [
            [
                946,
                684
            ],
            [
                26,
                32
            ]
        ],
        [
            [
                934,
                670
            ],
            [
                34,
                35
            ]
        ],
        [
            [
                933,
                668
            ],
            [
                45,
                51
            ]
        ]
    ],
    "Particles_Max_Intensity": [
        [
            66
        ],
        [
            67
        ],
        [
            66
        ],
        null,
        [
            65
        ],
        [
            66
        ],
        [
            66
        ],
        [
            66
        ],
        null,
        null,
        null,
        null,
        null,
        null,
        [
            67
        ],
        [
            62
        ],
        [
            67
        ],
        [
            66
        ],
        null,
        [
            66
        ],
        [
            67
        ],
        [
            67
        ],
        [
            66
        ]
    ],
    "Track_ID": 60,
    "classification": "non-motile",
    "probability_motility": 0.41200139817354625
}