{
    "Times": [
        328,
        329,
        330,
        331,
        332,
        333,
        334,
        335,
        336,
        337,
        338,
        339,
        340,
        341,
        342,
        343,
        344,
        345,
        346,
        347,
        348,
        349,
        350,
        351,
        352,
        353,
        354,
        355,
        356,
        357,
        358,
        359,
        360,
        361,
        362,
        363,
        364
    ],
    "Particles_Position": [
        [
            15.1,
            418.7
        ],
        [
            19.0,
            431.8
        ],
        [
            18.5,
            417.3
        ],
        [
            15.7,
            411.1
        ],
        [
            17.5,
            419.2
        ],
        null,
        null,
        [
            17.5,
            451.2
        ],
        [
            9.4,
            432.8
        ],
        [
            12.5,
            405.5
        ],
        null,
        [
            13.0,
            435.4
        ],
        [
            17.1,
            460.4
        ],
        null,
        null,
        null,
        null,
        null,
        [
            17.4,
            426.4
        ],
        [
            32.5,
            410.9
        ],
        [
            19.0,
            402.0
        ],
        [
            55.9,
            457.5
        ],
        [
            24.1,
            449.0
        ],
        null,
        null,
        null,
        null,
        null,
        null,
        null,
        [
            29.4,
            457.5
        ],
        [
            31.2,
            449.5
        ],
        [
            48.4,
            470.4
        ],
        [
            31.0,
            460.5
        ],
        [
            17.8,
            397.4
        ],
        [
            30.4,
            398.1
        ],
        [
            22.7,
            406.1
        ]
    ],
    "Particles_Estimated_Position": [
        [
            15.1,
            418.7
        ],
        [
            19.0,
            431.8
        ],
        [
            18.5,
            417.3
        ],
        [
            15.7,
            411.1
        ],
        [
            17.5,
            419.2
        ],
        [
            17.5,
            429.8666666666667
        ],
        [
            17.5,
            440.5333333333333
        ],
        [
            17.5,
            451.2
        ],
        [
            9.4,
            432.8
        ],
        [
            12.5,
            405.5
        ],
        [
            12.75,
            420.45
        ],
        [
            13.0,
            435.4
        ],
        [
            17.1,
            460.4
        ],
        [
            17.150000000000002,
            454.7333333333333
        ],
        [
            17.2,
            449.06666666666666
        ],
        [
            17.25,
            443.4
        ],
        [
            17.3,
            437.7333333333333
        ],
        [
            17.349999999999998,
            432.06666666666666
        ],
        [
            17.4,
            426.4
        ],
        [
            32.5,
            410.9
        ],
        [
            19.0,
            402.0
        ],
        [
            55.9,
            457.5
        ],
        [
            24.1,
            449.0
        ],
        [
            24.762500000000003,
            450.0625
        ],
        [
            25.425,
            451.125
        ],
        [
            26.0875,
            452.1875
        ],
        [
            26.75,
            453.25
        ],
        [
            27.4125,
            454.3125
        ],
        [
            28.075,
            455.375
        ],
        [
            28.737499999999997,
            456.4375
        ],
        [
            29.4,
            457.5
        ],
        [
            31.2,
            449.5
        ],
        [
            48.4,
            470.4
        ],
        [
            31.0,
            460.5
        ],
        [
            17.8,
            397.4
        ],
        [
            30.4,
            398.1
        ],
        [
            22.7,
            406.1
        ]
    ],
    "Particles_Size": [
        64,
        133,
        71,
        59,
        107,
        null,
        null,
        51,
        41,
        60,
        null,
        126,
        73,
        null,
        null,
        null,
        null,
        null,
        131,
        398,
        56,
        14,
        115,
        null,
        null,
        null,
        null,
        null,
        null,
        null,
        41,
        81,
        22,
        58,
        62,
        51,
        59
    ],