{
    "Times": [
        67,
        68,
        69,
        70,
        71,
        72,
        73,
        74,
        75,
        76,
        77,
        78,
        79,
        80,
        81,
        82,
        83
    ],
    "Particles_Position": [
        [
            707.0,
            886.6
        ],
        [
            708.7,
            873.0
        ],
        [
            724.0,
            871.8
        ],
        [
            719.3,
            900.9
        ],
        [
            708.9,
            904.2
        ],
        [
            699.8,
            900.3
        ],
        null,
        null,
        null,
        [
            693.3,
            878.9
        ],
        [
            686.6,
            892.0
        ],
        [
            685.0,
            900.9
        ],
        null,
        null,
        [
            691.6,
            906.5
        ],
        [
            699.5,
            905.6
        ],
        [
            703.4,
            900.2
        ]
    ],
    "Particles_Estimated_Position": [
        [
            707.0,
            886.6
        ],
        [
            708.7,
            873.0
        ],
        [
            724.0,
            871.8
        ],
        [
            719.3,
            900.9
        ],
        [
            708.9,
            904.2
        ],
        [
            699.8,
            900.3
        ],
        [
            698.175,
            894.9499999999999
        ],
        [
            696.55,
            889.5999999999999
        ],
        [
            694.925,
            884.25
        ],
        [
            693.3,
            878.9
        ],
        [
            686.6,
            892.0
        ],
        [
            685.0,
            900.9
        ],
        [
            687.2,
            902.7666666666667
        ],
        [
            689.4,
            904.6333333333333
        ],
        [
            691.6,
            906.5
        ],
        [
            699.5,
            905.6
        ],
        [
            703.4,
            900.2
        ]
    ],
    "Particles_Size": [
        242,
        266,
        705,
        462,
        364,
        603,
        null,
        null,
        null,
        564,
        485,
        370,
        null,
        null,
        774,
        595,
        324
    ],
    "Particles_Bbox": [
        [
            [
                665,
                845
            ],
            [
                81,
                79
            ]
        ],
        [
            [
                679,
                834
            ],
            [
                68,
                81
            ]
        ],
        [
            [
                669,
                807
            ],
            [
                99,
                127
            ]
        ],
        [
            [
                668,
                833
            ],
            [
                121,
                132
            ]
        ],
        [
            [
                662,
                852
            ],
            [
                100,
                107
            ]
        ],
        [
            [
                646,
                856
            ],
            [
                119,
                84
            ]
        ],
        null,
        null,
        null,
        [
            [
                647,
                830
            ],
            [
                90,
                101
            ]
        ],
        [
            [
                627,
                845
            ],
            [
                105,
                90
            ]
        ],
        [
            [
                637,
                854
            ],
            [
                93,
                82
            ]
        ],
        null,
        null,
        [
            [
                636,
                841
            ],
            [
                112,
                128
            ]
        ],
        [
            [
                656,
                846
            ],
            [
                98,
                124
            ]
        ],
        [
            [
                649,
                849
            ],
            [
                108,
                106
            ]
        ]
    ],
    "Particles_Max_Intensity": [
        [
            111
        ],
        [
            103
        ],
        [
            118
        ],
        [
            119
        ],
        [
            114
        ],
        [
            119
        ],
        null,
        null,
        null,
        [
            115
        ],
        [
            120
        ],
        [
            121
        ],
        null,
        null,
        [
            117
        ],
        [
            117
        ],
        [
            116
        ]
    ],
    "Track_ID": 12,
    "classification": "non-motile",
    "probability_motility": 0.40769828345224074
}