{
    "Times": [
        0,
        1,
        2,
        3,
        4,
        5,
        6,
        7,
        8,
        9,
        10,
        11,
        12,
        13,
        14,
        15,
        16,
        17,
        18,
        19,
        20,
        21
    ],
    "Particles_Position": [
        [
            168.3,
            116.6
        ],
        [
            174.0,
            135.1
        ],
        [
            188.5,
            178.8
        ],
        [
            185.5,
            183.8
        ],
        [
            187.0,
            181.0
        ],
        [
            180.2,
            151.8
        ],
        [
            175.9,
            148.2
        ],
        [
            173.2,
            130.9
        ],
        null,
        null,
        [
            184.1,
            172.9
        ],
        [
            191.7,
            188.4
        ],
        [
            189.6,
            185.5
        ],
        [
            187.7,
            192.8
        ],
        [
            190.5,
            193.4
        ],
        null,
        [
            193.2,
            203.9
        ],
        [
            193.1,
            184.1
        ],
        null,
        null,
        [
            185.6,
            177.6
        ],
        [
            192.4,
            202.8
        ]
    ],
    "Particles_Estimated_Position": [
        [
            168.3,
            116.6
        ],
        [
            174.0,
            135.1
        ],
        [
            188.5,
            178.8
        ],
        [
            185.5,
            183.8
        ],
        [
            187.0,
            181.0
        ],
        [
            180.2,
            151.8
        ],
        [
            175.9,
            148.2
        ],
        [
            173.2,
            130.9
        ],
        [
            176.83333333333331,
            144.9
        ],
        [
            180.46666666666667,
            158.9
        ],
        [
            184.1,
            172.9
        ],
        [
            191.7,
            188.4
        ],
        [
            189.6,
            185.5
        ],
        [
            187.7,
            192.8
        ],
        [
            190.5,
            193.4
        ],
        [
            191.85,
            198.65
        ],
        [
            193.2,
            203.9
        ],
        [
            193.1,
            184.1
        ],
        [
            190.6,
            181.93333333333334
        ],
        [
            188.1,
            179.76666666666665
        ],
        [
            185.6,
            177.6
        ],
        [
            192.4,
            202.8
        ]
    ],
    "Particles_Size": [
        61,
        135,
        105,
        74,
        43,
        104,
        80,
        116,
        null,
        null,
        66,
        66,
        57,
        79,
        79,
        null,
        40,
        45,
        null,
        null,
        56,
        40
    ],
    "Particles_Bbox": [
        [
            [
                148,
                83
            ],
            [
                48,
                51
            ]
        ],
        [
            [
                148,
                106
            ],
            [
                44,
                57
            ]
        ],
        [
            [
                178,
                152
            ],
            [
                24,
                44
            ]
        ],
        [
            [
                171,
                164
            ],
            [
                35,
                34
            ]
        ],
        [
            [
                176,
                166
            ],
            [
                20,
                26
            ]
        ],
        [
            [
                171,
                113
            ],
            [
                23,
                51
            ]
        ],
        [
            [
                156,
                124
            ],
            [
                36,
                35
            ]
        ],
        [
            [
                159,
                108
            ],
            [
                22,
                38
            ]
        ],
        null,
        null,
        [
            [
                175,
                151
            ],
            [
                44,
                34
            ]
        ],
        [
            [
                171,
                169
            ],
            [
                45,
                46
            ]
        ],
        [
            [
                178,
                161
            ],
            [
                24,
                44
            ]
        ],
        [
            [
                174,
                170
            ],
            [
                35,
                38
            ]
        ],
        [
            [
                175,
                159
            ],
            [
                38,
                52
            ]
        ],
        null,
        [
            [
                181,
                170
            ],
            [
                34,
                52
            ]
        ],
        [
            [
                174,
                160
            ],
            [
                45,
                58
            ]
        ],
        null,
        null,
        [
            [
                175,
                151
            ],
            [
                24,
                38
            ]
        ],
        [
            [
                178,
                178
            ],
            [
                40,
                47
            ]
        ]
    ],
    "Particles_Max_Intensity": [
        [
            121
        ],
        [
            122
        ],
        [
            124
        ],
        [
            129
        ],
        [
            118
        ],
        [
            128
        ],
        [
            117
        ],
        [
            120
        ],
        null,
        null,
        [
            126
        ],
        [
            119
        ],
        [
            131
        ],
        [
            126
        ],
        [
            119
        ],
        null,
        [
            124
        ],
        [
            120
        ],
        null,
        null,
        [
            125
        ],
        [
            130
        ]
    ],
    "Track_ID": 6,
    "classification": "motile",
    "probability_motility": 0.67302727115148
}