{
    "Times": [
        0,
        1,
        2,
        3,
        4,
        5,
        6,
        7,
        8,
        9,
        10,
        11,
        12,
        13,
        14,
        15,
        16
    ],
    "Particles_Position": [
        [
            1.9,
            975.6
        ],
        [
            1.9,
            975.2
        ],
        [
            1.6,
            975.5
        ],
        [
            2.1,
            975.6
        ],
        [
            1.7,
            975.9
        ],
        [
            1.8,
            975.9
        ],
        [
            3.1,
            975.0
        ],
        [
            3.3,
            975.9
        ],
        [
            2.1,
            975.4
        ],
        null,
        null,
        null,
        null,
        null,
        null,
        [
            2.1,
            975.0
        ],
        [
            2.0,
            975.8
        ]
    ],
    "Particles_Estimated_Position": [
        [
            1.9,
            975.6
        ],
        [
            1.9,
            975.2
        ],
        [
            1.6,
            975.5
        ],
        [
            2.1,
            975.6
        ],
        [
            1.7,
            975.9
        ],
        [
            1.8,
            975.9
        ],
        [
            3.1,
            975.0
        ],
        [
            3.3,
            975.9
        ],
        [
            2.1,
            975.4
        ],
        [
            2.1,
            975.3428571428572
        ],
        [
            2.1,
            975.2857142857142
        ],
        [
            2.1,
            975.2285714285714
        ],
        [
            2.1,
            975.1714285714286
        ],
        [
            2.1,
            975.1142857142858
        ],
        [
            2.1,
            975.0571428571428
        ],
        [
            2.1,
            975.0
        ],
        [
            2.0,
            975.8
        ]
    ],
    "Particles_Size": [
        8,
        9,
        8,
        9,
        7,
        8,
        9,
        7,
        9,
        null,
        null,
        null,
        null,
        null,
        null,
        7,
        8
    ],
    "Particles_Bbox": [
        [
            [
                0,
                974
            ],
            [
                5,
                4
            ]
        ],
        [
            [
                0,
                972
            ],
            [
                5,
                6
            ]
        ],
        [
            [
                0,
                974
            ],
            [
                5,
                3
            ]
        ],
        [
            [
                0,
                974
            ],
            [
                5,
                3
            ]
        ],
        [
            [
                0,
                974
            ],
            [
                4,
                3
            ]
        ],
        [
            [
                0,
                974
            ],
            [
                5,
                4
            ]
        ],
        [
            [
                0,
                968
            ],
            [
                11,
                9
            ]
        ],
        [
            [
                1,
                974
            ],
            [
                5,
                4
            ]
        ],
        [
            [
                0,
                974
            ],
            [
                5,
                4
            ]
        ],
        null,
        null,
        null,
        null,
        null,
        null,
        [
            [
                0,
                974
            ],
            [
                5,
                2
            ]
        ],
        [
            [
                0,
                974
            ],
            [
                5,
                4
            ]
        ]
    ],
    "Particles_Max_Intensity": [
        [
            74
        ],
        [
            76
        ],
        [
            74
        ],
        [
            75
        ],
        [
            80
        ],
        [
            72
        ],
        [
            108
        ],
        [
            77
        ],
        [
            69
        ],
        null,
        null,
        null,
        null,
        null,
        null,
        [
            79
        ],
        [
            71
        ]
    ],
    "Track_ID": 1,
    "classification": "non-motile",
    "probability_motility": 0.30757864883372243
}