{
    "Times": [
        0,
        1,
        2,
        3,
        4,
        5,
        6,
        7,
        8,
        9,
        10,
        11,
        12,
        13,
        14,
        15,
        16,
        17,
        18,
        19,
        20,
        21,
        22
    ],
    "Particles_Position": [
        [
            953.4,
            801.9
        ],
        [
            952.9,
            795.0
        ],
        [
            952.8,
            805.6
        ],
        null,
        null,
        null,
        null,
        [
            953.2,
            788.9
        ],
        [
            953.7,
            793.8
        ],
        [
            955.5,
            802.2
        ],
        [
            952.5,
            795.7
        ],
        [
            952.2,
            804.2
        ],
        null,
        [
            957.2,
            793.9
        ],
        [
            955.5,
            797.7
        ],
        null,
        null,
        null,
        null,
        [
            955.8,
            802.6
        ],
        [
            953.3,
            793.2
        ],
        [
            952.2,
            797.5
        ],
        [
            956.9,
            798.7
        ]
    ],
    "Particles_Estimated_Position": [
        [
            953.4,
            801.9
        ],
        [
            952.9,
            795.0
        ],
        [
            952.8,
            805.6
        ],
        [
            952.88,
            802.26
        ],
        [
            952.96,
            798.92
        ],
        [
            953.04,
            795.58
        ],
        [
            953.12,
            792.24
        ],
        [
            953.2,
            788.9
        ],
        [
            953.7,
            793.8
        ],
        [
            955.5,
            802.2
        ],
        [
            952.5,
            795.7
        ],
        [
            952.2,
            804.2
        ],
        [
            954.7,
            799.05
        ],
        [
            957.2,
            793.9
        ],
        [
            955.5,
            797.7
        ],
        [
            955.56,
            798.6800000000001
        ],
        [
            955.62,
            799.6600000000001
        ],
        [
            955.68,
            800.64
        ],
        [
            955.74,
            801.62
        ],
        [
            955.8,
            802.6
        ],
        [
            953.3,
            793.2
        ],
        [
            952.2,
            797.5
        ],
        [
            956.9,
            798.7
        ]
    ],
    "Particles_Size": [
        7,
        7,
        10,
        null,
        null,
        null,
        null,
        16,
        10,
        12,
        15,
        6,
        null,
        14,
        13,
        null,
        null,
        null,
        null,
        8,
        10,
        13,
        7
    ],
    "Particles_Bbox": [
        [
            [
                950,
                791
            ],
            [
                9,
                18
            ]
        ],
        [
            [
                945,
                786
            ],
            [
                16,
                23
            ]
        ],
        [
            [
                941,
                786
            ],
            [
                19,
                35
            ]
        ],
        null,
        null,
        null,
        null,
        [
            [
                940,
                782
            ],
            [
                24,
                12
            ]
        ],
        [
            [
                945,
                786
            ],
            [
                14,
                19
            ]
        ],
        [
            [
                942,
                788
            ],
            [
                23,
                21
            ]
        ],
        [
            [
                933,
                772
            ],
            [
                35,
                34
            ]
        ],
        [
            [
                950,
                792
            ],
            [
                5,
                17
            ]
        ],
        null,
        [
            [
                952,
                786
            ],
            [
                12,
                19
            ]
        ],
        [
            [
                935,
                788
            ],
            [
                30,
                19
            ]
        ],
        null,
        null,
        null,
        null,
        [
            [
                942,
                788
            ],
            [
                23,
                19
            ]
        ],
        [
            [
                949,
                780
            ],
            [
                13,
                34
            ]
        ],
        [
            [
                940,
                781
            ],
            [
                20,
                27
            ]
        ],
        [
            [
                951,
                787
            ],
            [
                10,
                22
            ]
        ]
    ],
    "Particles_Max_Intensity": [
        [
            121
        ],
        [
            121
        ],
        [
            120
        ],
        null,
        null,
        null,
        null,
        [
            118
        ],
        [
            116
        ],
        [
            125
        ],
        [
            118
        ],
        [
            122
        ],
        null,
        [
            117
        ],
        [
            116
        ],
        null,
        null,
        null,
        null,
        [
            122
        ],
        [
            118
        ],
        [
            123
        ],
        [
            119
        ]
    ],
    "Track_ID": 28,
    "classification": "non-motile",
    "probability_motility": 0.4024989644945568
}