{
    "Times": [
        8,
        9,
        10,
        11,
        12,
        13,
        14,
        15,
        16,
        17,
        18,
        19,
        20,
        21,
        22,
        23,
        24
    ],
    "Particles_Position": [
        [
            312.2,
            378.6
        ],
        [
            313.0,
            376.8
        ],
        [
            312.5,
            376.5
        ],
        [
            314.1,
            377.2
        ],
        null,
        null,
        [
            313.2,
            379.0
        ],
        [
            312.7,
            381.0
        ],
        null,
        null,
        null,
        [
            313.9,
            379.7
        ],
        [
            312.6,
            378.9
        ],
        null,
        [
            312.4,
            380.0
        ],
        [
            312.7,
            378.4
        ],
        [
            313.5,
            380.0
        ]
    ],
    "Particles_Estimated_Position": [
        [
            312.2,
            378.6
        ],
        [
            313.0,
            376.8
        ],
        [
            312.5,
            376.5
        ],
        [
            314.1,
            377.2
        ],
        [
            313.8,
            377.8
        ],
        [
            313.5,
            378.4
        ],
        [
            313.2,
            379.0
        ],
        [
            312.7,
            381.0
        ],
        [
            313.0,
            380.675
        ],
        [
            313.29999999999995,
            380.35
        ],
        [
            313.59999999999997,
            380.025
        ],
        [
            313.9,
            379.7
        ],
        [
            312.6,
            378.9
        ],
        [
            312.5,
            379.45
        ],
        [
            312.4,
            380.0
        ],
        [
            312.7,
            378.4
        ],
        [
            313.5,
            380.0
        ]
    ],
    "Particles_Size": [
        9,
        8,
        8,
        8,
        null,
        null,
        6,
        9,
        null,
        null,
        null,
        7,
        7,
        null,
        7,
        9,
        8
    ],
    "Particles_Bbox": [
        [
            [
                310,
                371
            ],
            [
                7,
                13
            ]
        ],
        [
            [
                310,
                371
            ],
            [
                7,
                13
            ]
        ],
        [
            [
                310,
                371
            ],
            [
                7,
                12
            ]
        ],
        [
            [
                311,
                373
            ],
            [
                6,
                11
            ]
        ],
        null,
        null,
        [
            [
                311,
                373
            ],
            [
                6,
                11
            ]
        ],
        [
            [
                310,
                374
            ],
            [
                7,
                13
            ]
        ],
        null,
        null,
        null,
        [
            [
                311,
                374
            ],
            [
                6,
                10
            ]
        ],
        [
            [
                311,
                373
            ],
            [
                6,
                11
            ]
        ],
        null,
        [
            [
                311,
                374
            ],
            [
                6,
                10
            ]
        ],
        [
            [
                311,
                373
            ],
            [
                6,
                11
            ]
        ],
        [
            [
                311,
                374
            ],
            [
                6,
                10
            ]
        ]
    ],
    "Particles_Max_Intensity": [
        [
            86
        ],
        [
            87
        ],
        [
            86
        ],
        [
            86
        ],
        null,
        null,
        [
            82
        ],
        [
            98
        ],
        null,
        null,
        null,
        [
            83
        ],
        [
            84
        ],
        null,
        [
            84
        ],
        [
            85
        ],
        [
            87
        ]
    ],
    "Track_ID": 37,
    "classification": "non-motile",
    "probability_motility": 0.3323408062975311
}