{
    "Times": [
        25,
        26,
        27,
        28,
        29,
        30,
        31,
        32,
        33,
        34,
        35,
        36,
        37,
        38,
        39,
        40,
        41,
        42,
        43,
        44
    ],
    "Particles_Position": [
        [
            516.5,
            10.6
        ],
        [
            520.2,
            6.6
        ],
        null,
        [
            517.0,
            10.2
        ],
        [
            517.6,
            9.6
        ],
        [
            515.2,
            11.2
        ],
        null,
        null,
        null,
        null,
        null,
        [
            518.3,
            12.3
        ],
        [
            516.8,
            11.0
        ],
        [
            518.3,
            8.5
        ],
        [
            517.9,
            7.8
        ],
        [
            519.7,
            8.7
        ],
        [
            515.5,
            11.1
        ],
        [
            516.7,
            10.0
        ],
        [
            517.5,
            9.4
        ],
        [
            516.4,
            9.5
        ]
    ],
    "Particles_Estimated_Position": [
        [
            516.5,
            10.6
        ],
        [
            520.2,
            6.6
        ],
        [
            518.6,
            8.399999999999999
        ],
        [
            517.0,
            10.2
        ],
        [
            517.6,
            9.6
        ],
        [
            515.2,
            11.2
        ],
        [
            515.7166666666667,
            11.383333333333333
        ],
        [
            516.2333333333333,
            11.566666666666666
        ],
        [
            516.75,
            11.75
        ],
        [
            517.2666666666667,
            11.933333333333334
        ],
        [
            517.7833333333333,
            12.116666666666667
        ],
        [
            518.3,
            12.3
        ],
        [
            516.8,
            11.0
        ],
        [
            518.3,
            8.5
        ],
        [
            517.9,
            7.8
        ],
        [
            519.7,
            8.7
        ],
        [
            515.5,
            11.1
        ],
        [
            516.7,
            10.0
        ],
        [
            517.5,
            9.4
        ],
        [
            516.4,
            9.5
        ]
    ],
    "Particles_Size": [
        10,
        9,
        null,
        12,
        10,
        6,
        null,
        null,
        null,
        null,
        null,
        7,
        9,
        10,
        11,
        7,
        10,
        14,
        12,
        17
    ],
    "Particles_Bbox": [
        [
            [
                513,
                0
            ],
            [
                12,
                16
            ]
        ],
        [
            [
                513,
                0
            ],
            [
                12,
                15
            ]
        ],
        null,
        [
            [
                511,
                1
            ],
            [
                14,
                16
            ]
        ],
        [
            [
                513,
                0
            ],
            [
                12,
                17
            ]
        ],
        [
            [
                512,
                8
            ],
            [
                7,
                7
            ]
        ],
        null,
        null,
        null,
        null,
        null,
        [
            [
                513,
                8
            ],
            [
                11,
                9
            ]
        ],
        [
            [
                512,
                7
            ],
            [
                14,
                7
            ]
        ],
        [
            [
                512,
                3
            ],
            [
                11,
                9
            ]
        ],
        [
            [
                512,
                0
            ],
            [
                12,
                13
            ]
        ],
        [
            [
                515,
                4
            ],
            [
                11,
                8
            ]
        ],
        [
            [
                512,
                7
            ],
            [
                10,
                8
            ]
        ],
        [
            [
                512,
                7
            ],
            [
                11,
                7
            ]
        ],
        [
            [
                511,
                3
            ],
            [
                12,
                12
            ]
        ],
        [
            [
                510,
                3
            ],
            [
                13,
                12
            ]
        ]
    ],
    "Particles_Max_Intensity": [
        [
            117
        ],
        [
            117
        ],
        null,
        [
            117
        ],
        [
            116
        ],
        [
            111
        ],
        null,
        null,
        null,
        null,
        null,
        [
            111
        ],
        [
            116
        ],
        [
            121
        ],
        [
            117
        ],
        [
            117
        ],
        [
            109
        ],
        [
            113
        ],
        [
            117
        ],
        [
            119
        ]
    ],
    "Track_ID": 55,
    "classification": "non-motile",
    "probability_motility": 0.4231846799245664
}