{
    "Times": [
        39,
        40,
        41,
        42,
        43,
        44,
        45,
        46,
        47,
        48,
        49,
        50,
        51,
        52,
        53,
        54,
        55,
        56
    ],
    "Particles_Position": [
        [
            731.7,
            385.3
        ],
        [
            728.2,
            387.7
        ],
        [
            734.4,
            404.0
        ],
        null,
        [
            729.7,
            386.0
        ],
        [
            730.7,
            394.9
        ],
        [
            730.5,
            380.0
        ],
        [
            731.0,
            380.2
        ],
        null,
        null,
        [
            736.9,
            425.0
        ],
        [
            733.9,
            402.4
        ],
        null,
        null,
        null,
        null,
        [
            731.1,
            378.4
        ],
        [
            731.9,
            383.7
        ]
    ],
    "Particles_Estimated_Position": [
        [
            731.7,
            385.3
        ],
        [
            728.2,
            387.7
        ],
        [
            734.4,
            404.0
        ],
        [
            732.05,
            395.0
        ],
        [
            729.7,
            386.0
        ],
        [
            730.7,
            394.9
        ],
        [
            730.5,
            380.0
        ],
        [
            731.0,
            380.2
        ],
        [
            732.9666666666667,
            395.1333333333333
        ],
        [
            734.9333333333333,
            410.06666666666666
        ],
        [
            736.9,
            425.0
        ],
        [
            733.9,
            402.4
        ],
        [
            733.34,
            397.59999999999997
        ],
        [
            732.78,
            392.79999999999995
        ],
        [
            732.22,
            388.0
        ],
        [
            731.66,
            383.2
        ],
        [
            731.1,
            378.4
        ],
        [
            731.9,
            383.7
        ]
    ],
    "Particles_Size": [
        10,
        19,
        7,
        null,
        10,
        14,
        4,
        5,
        null,
        null,
        15,
        21,
        null,
        null,
        null,
        null,
        8,
        7
    ],
    "Particles_Bbox": [
        [
            [
                730,
                378
            ],
            [
                5,
                26
            ]
        ],
        [
            [
                704,
                364
            ],
            [
                35,
                41
            ]
        ],
        [
            [
                726,
                392
            ],
            [
                13,
                25
            ]
        ],
        null,
        [
            [
                717,
                378
            ],
            [
                18,
                26
            ]
        ],
        [
            [
                717,
                379
            ],
            [
                21,
                39
            ]
        ],
        [
            [
                730,
                379
            ],
            [
                1,
                2
            ]
        ],
        [
            [
                730,
                379
            ],
            [
                3,
                2
            ]
        ],
        null,
        null,
        [
            [
                715,
                404
            ],
            [
                31,
                37
            ]
        ],
        [
            [
                718,
                377
            ],
            [
                28,
                53
            ]
        ],
        null,
        null,
        null,
        null,
        [
            [
                730,
                374
            ],
            [
                4,
                7
            ]
        ],
        [
            [
                730,
                376
            ],
            [
                5,
                30
            ]
        ]
    ],
    "Particles_Max_Intensity": [
        [
            107
        ],
        [
            115
        ],
        [
            111
        ],
        null,
        [
            115
        ],
        [
            113
        ],
        [
            73
        ],
        [
            105
        ],
        null,
        null,
        [
            115
        ],
        [
            116
        ],
        null,
        null,
        null,
        null,
        [
            99
        ],
        [
            106
        ]
    ],
    "Track_ID": 65,
    "classification": "non-motile",
    "probability_motility": 0.4467876285232059
}