{
    "Times": [
        86,
        87,
        88,
        89,
        90,
        91,
        92,
        93,
        94,
        95,
        96,
        97,
        98,
        99,
        100,
        101
    ],
    "Particles_Position": [
        [
            983.9,
            303.9
        ],
        [
            985.8,
            308.0
        ],
        [
            981.2,
            303.8
        ],
        null,
        null,
        null,
        null,
        null,
        [
            982.9,
            303.0
        ],
        [
            991.0,
            307.7
        ],
        [
            988.4,
            306.8
        ],
        [
            980.6,
            301.6
        ],
        [
            984.0,
            304.1
        ],
        [
            983.3,
            304.6
        ],
        [
            1001.0,
            301.0
        ],
        [
            985.7,
            305.6
        ]
    ],
    "Particles_Estimated_Position": [
        [
            983.9,
            303.9
        ],
        [
            985.8,
            308.0
        ],
        [
            981.2,
            303.8
        ],
        [
            981.4833333333333,
            303.6666666666667
        ],
        [
            981.7666666666667,
            303.53333333333336
        ],
        [
            982.05,
            303.4
        ],
        [
            982.3333333333334,
            303.26666666666665
        ],
        [
            982.6166666666667,
            303.1333333333333
        ],
        [
            982.9,
            303.0
        ],
        [
            991.0,
            307.7
        ],
        [
            988.4,
            306.8
        ],
        [
            980.6,
            301.6
        ],
        [
            984.0,
            304.1
        ],
        [
            983.3,
            304.6
        ],
        [
            1001.0,
            301.0
        ],
        [
            985.7,
            305.6
        ]
    ],
    "Particles_Size": [
        11,
        13,
        9,
        null,
        null,
        null,
        null,
        null,
        14,
        15,
        13,
        17,
        20,
        9,
        7,
        7
    ],
    "Particles_Bbox": [
        [
            [
                972,
                289
            ],
            [
                27,
                23
            ]
        ],
        [
            [
                972,
                298
            ],
            [
                28,
                27
            ]
        ],
        [
            [
                971,
                297
            ],
            [
                27,
                15
            ]
        ],
        null,
        null,
        null,
        null,
        null,
        [
            [
                972,
                284
            ],
            [
                28,
                28
            ]
        ],
        [
            [
                972,
                296
            ],
            [
                38,
                26
            ]
        ],
        [
            [
                971,
                297
            ],
            [
                31,
                15
            ]
        ],
        [
            [
                962,
                284
            ],
            [
                38,
                27
            ]
        ],
        [
            [
                971,
                284
            ],
            [
                33,
                38
            ]
        ],
        [
            [
                972,
                297
            ],
            [
                27,
                14
            ]
        ],
        [
            [
                997,
                285
            ],
            [
                8,
                27
            ]
        ],
        [
            [
                973,
                299
            ],
            [
                26,
                13
            ]
        ]
    ],
    "Particles_Max_Intensity": [
        [
            105
        ],
        [
            106
        ],
        [
            103
        ],
        null,
        null,
        null,
        null,
        null,
        [
            108
        ],
        [
            106
        ],
        [
            107
        ],
        [
            110
        ],
        [
            108
        ],
        [
            106
        ],
        [
            106
        ],
        [
            106
        ]
    ],
    "Track_ID": 92,
    "classification": "non-motile",
    "probability_motility": 0.3999190364515323
}