{
    "Times": [
        109,
        110,
        111,
        112,
        113,
        114,
        115,
        116,
        117,
        118,
        119,
        120,
        121,
        122,
        123,
        124,
        125
    ],
    "Particles_Position": [
        [
            480.7,
            965.8
        ],
        [
            467.7,
            961.8
        ],
        [
            470.6,
            966.7
        ],
        [
            475.3,
            971.2
        ],
        [
            487.0,
            966.7
        ],
        [
            488.6,
            967.6
        ],
        [
            488.6,
            965.9
        ],
        [
            487.4,
            965.8
        ],
        [
            488.1,
            966.3
        ],
        [
            487.4,
            966.3
        ],
        null,
        null,
        [
            487.6,
            967.1
        ],
        [
            487.6,
            965.5
        ],
        [
            485.6,
            966.6
        ],
        [
            486.9,
            966.5
        ],
        [
            482.1,
            963.7
        ]
    ],
    "Particles_Estimated_Position": [
        [
            480.7,
            965.8
        ],
        [
            467.7,
            961.8
        ],
        [
            470.6,
            966.7
        ],
        [
            475.3,
            971.2
        ],
        [
            487.0,
            966.7
        ],
        [
            488.6,
            967.6
        ],
        [
            488.6,
            965.9
        ],
        [
            487.4,
            965.8
        ],
        [
            488.1,
            966.3
        ],
        [
            487.4,
            966.3
        ],
        [
            487.46666666666664,
            966.5666666666666
        ],
        [
            487.53333333333336,
            966.8333333333334
        ],
        [
            487.6,
            967.1
        ],
        [
            487.6,
            965.5
        ],
        [
            485.6,
            966.6
        ],
        [
            486.9,
            966.5
        ],
        [
            482.1,
            963.7
        ]
    ],
    "Particles_Size": [
        12,
        18,
        17,
        11,
        9,
        7,
        7,
        9,
        9,
        7,
        null,
        null,
        8,
        8,
        9,
        11,
        9
    ],
    "Particles_Bbox": [
        [
            [
                466,
                959
            ],
            [
                23,
                10
            ]
        ],
        [
            [
                454,
                950
            ],
            [
                35,
                18
            ]
        ],
        [
            [
                456,
                964
            ],
            [
                33,
                5
            ]
        ],
        [
            [
                461,
                965
            ],
            [
                28,
                14
            ]
        ],
        [
            [
                475,
                964
            ],
            [
                15,
                6
            ]
        ],
        [
            [
                486,
                965
            ],
            [
                6,
                7
            ]
        ],
        [
            [
                487,
                964
            ],
            [
                3,
                4
            ]
        ],
        [
            [
                483,
                964
            ],
            [
                7,
                4
            ]
        ],
        [
            [
                483,
                964
            ],
            [
                9,
                5
            ]
        ],
        [
            [
                483,
                964
            ],
            [
                6,
                4
            ]
        ],
        null,
        null,
        [
            [
                485,
                965
            ],
            [
                4,
                4
            ]
        ],
        [
            [
                483,
                964
            ],
            [
                7,
                3
            ]
        ],
        [
            [
                472,
                959
            ],
            [
                17,
                10
            ]
        ],
        [
            [
                482,
                964
            ],
            [
                8,
                5
            ]
        ],
        [
            [
                468,
                948
            ],
            [
                21,
                21
            ]
        ]
    ],
    "Particles_Max_Intensity": [
        [
            115
        ],
        [
            121
        ],
        [
            115
        ],
        [
            110
        ],
        [
            100
        ],
        [
            108
        ],
        [
            74
        ],
        [
            83
        ],
        [
            102
        ],
        [
            85
        ],
        null,
        null,
        [
            81
        ],
        [
            85
        ],
        [
            97
        ],
        [
            100
        ],
        [
            116
        ]
    ],
    "Track_ID": 107,
    "classification": "non-motile",
    "probability_motility": 0.3069161043308655
}