{
    "Times": [
        210,
        211,
        212,
        213,
        214,
        215,
        216,
        217,
        218,
        219,
        220,
        221,
        222,
        223,
        224,
        225
    ],
    "Particles_Position": [
        [
            378.7,
            855.6
        ],
        [
            378.7,
            856.1
        ],
        [
            387.6,
            857.0
        ],
        [
            376.6,
            854.9
        ],
        [
            385.9,
            857.7
        ],
        [
            387.6,
            858.8
        ],
        [
            389.5,
            859.4
        ],
        [
            378.0,
            854.9
        ],
        [
            387.3,
            858.1
        ],
        [
            385.9,
            857.6
        ],
        [
            384.0,
            856.5
        ],
        null,
        null,
        [
            383.2,
            854.6
        ],
        [
            384.0,
            861.0
        ],
        [
            385.1,
            859.3
        ]
    ],
    "Particles_Estimated_Position": [
        [
            378.7,
            855.6
        ],
        [
            378.7,
            856.1
        ],
        [
            387.6,
            857.0
        ],
        [
            376.6,
            854.9
        ],
        [
            385.9,
            857.7
        ],
        [
            387.6,
            858.8
        ],
        [
            389.5,
            859.4
        ],
        [
            378.0,
            854.9
        ],
        [
            387.3,
            858.1
        ],
        [
            385.9,
            857.6
        ],
        [
            384.0,
            856.5
        ],
        [
            383.73333333333335,
            855.8666666666667
        ],
        [
            383.46666666666664,
            855.2333333333333
        ],
        [
            383.2,
            854.6
        ],
        [
            384.0,
            861.0
        ],
        [
            385.1,
            859.3
        ]
    ],
    "Particles_Size": [
        10,
        7,
        8,
        9,
        17,
        14,
        11,
        9,
        9,
        8,
        10,
        null,
        null,
        9,
        7,
        11
    ],
    "Particles_Bbox": [
        [
            [
                369,
                849
            ],
            [
                28,
                17
            ]
        ],
        [
            [
                368,
                852
            ],
            [
                26,
                14
            ]
        ],
        [
            [
                370,
                853
            ],
            [
                41,
                11
            ]
        ],
        [
            [
                368,
                849
            ],
            [
                20,
                15
            ]
        ],
        [
            [
                368,
                849
            ],
            [
                38,
                17
            ]
        ],
        [
            [
                369,
                851
            ],
            [
                42,
                14
            ]
        ],
        [
            [
                371,
                850
            ],
            [
                27,
                16
            ]
        ],
        [
            [
                368,
                843
            ],
            [
                30,
                25
            ]
        ],
        [
            [
                376,
                850
            ],
            [
                20,
                20
            ]
        ],
        [
            [
                380,
                853
            ],
            [
                18,
                16
            ]
        ],
        [
            [
                371,
                852
            ],
            [
                27,
                17
            ]
        ],
        null,
        null,
        [
            [
                369,
                850
            ],
            [
                27,
                11
            ]
        ],
        [
            [
                375,
                855
            ],
            [
                21,
                15
            ]
        ],
        [
            [
                368,
                849
            ],
            [
                42,
                20
            ]
        ]
    ],
    "Particles_Max_Intensity": [
        [
            113
        ],
        [
            105
        ],
        [
            114
        ],
        [
            102
        ],
        [
            114
        ],
        [
            111
        ],
        [
            111
        ],
        [
            112
        ],
        [
            113
        ],
        [
            113
        ],
        [
            107
        ],
        null,
        null,
        [
            113
        ],
        [
            115
        ],
        [
            113
        ]
    ],
    "Track_ID": 159,
    "classification": "non-motile",
    "probability_motility": 0.3999573655874763
}