{
    "Times": [
        212,
        213,
        214,
        215,
        216,
        217,
        218,
        219,
        220,
        221,
        222,
        223,
        224,
        225,
        226,
        227,
        228,
        229
    ],
    "Particles_Position": [
        [
            166.8,
            469.5
        ],
        [
            162.5,
            467.7
        ],
        [
            161.0,
            463.9
        ],
        [
            160.1,
            465.9
        ],
        [
            159.4,
            464.4
        ],
        [
            159.5,
            464.1
        ],
        [
            157.8,
            462.7
        ],
        [
            156.1,
            461.7
        ],
        [
            160.9,
            467.9
        ],
        [
            158.5,
            465.3
        ],
        [
            162.5,
            470.5
        ],
        [
            160.4,
            467.4
        ],
        [
            162.5,
            468.1
        ],
        [
            163.2,
            469.8
        ],
        null,
        null,
        [
            164.3,
            468.2
        ],
        [
            164.1,
            469.7
        ]
    ],
    "Particles_Estimated_Position": [
        [
            166.8,
            469.5
        ],
        [
            162.5,
            467.7
        ],
        [
            161.0,
            463.9
        ],
        [
            160.1,
            465.9
        ],
        [
            159.4,
            464.4
        ],
        [
            159.5,
            464.1
        ],
        [
            157.8,
            462.7
        ],
        [
            156.1,
            461.7
        ],
        [
            160.9,
            467.9
        ],
        [
            158.5,
            465.3
        ],
        [
            162.5,
            470.5
        ],
        [
            160.4,
            467.4
        ],
        [
            162.5,
            468.1
        ],
        [
            163.2,
            469.8
        ],
        [
            163.56666666666666,
            469.26666666666665
        ],
        [
            163.93333333333334,
            468.73333333333335
        ],
        [
            164.3,
            468.2
        ],
        [
            164.1,
            469.7
        ]
    ],
    "Particles_Size": [
        13,
        22,
        33,
        27,
        28,
        27,
        37,
        33,
        20,
        23,
        11,
        20,
        16,
        17,
        null,
        null,
        14,
        7
    ],
    "Particles_Bbox": [
        [
            [
                159,
                452
            ],
            [
                19,
                21
            ]
        ],
        [
            [
                147,
                447
            ],
            [
                31,
                26
            ]
        ],
        [
            [
                147,
                443
            ],
            [
                31,
                30
            ]
        ],
        [
            [
                147,
                447
            ],
            [
                30,
                25
            ]
        ],
        [
            [
                146,
                447
            ],
            [
                31,
                25
            ]
        ],
        [
            [
                147,
                446
            ],
            [
                28,
                26
            ]
        ],
        [
            [
                145,
                446
            ],
            [
                31,
                26
            ]
        ],
        [
            [
                145,
                446
            ],
            [
                27,
                27
            ]
        ],
        [
            [
                147,
                447
            ],
            [
                31,
                24
            ]
        ],
        [
            [
                147,
                447
            ],
            [
                31,
                25
            ]
        ],
        [
            [
                158,
                469
            ],
            [
                12,
                3
            ]
        ],
        [
            [
                152,
                451
            ],
            [
                18,
                21
            ]
        ],
        [
            [
                152,
                446
            ],
            [
                19,
                25
            ]
        ],
        [
            [
                153,
                468
            ],
            [
                18,
                3
            ]
        ],
        null,
        null,
        [
            [
                158,
                450
            ],
            [
                14,
                21
            ]
        ],
        [
            [
                160,
                468
            ],
            [
                11,
                3
            ]
        ]
    ],
    "Particles_Max_Intensity": [
        [
            109
        ],
        [
            115
        ],
        [
            116
        ],
        [
            116
        ],
        [
            113
        ],
        [
            120
        ],
        [
            120
        ],
        [
            121
        ],
        [
            113
        ],
        [
            113
        ],
        [
            108
        ],
        [
            106
        ],
        [
            120
        ],
        [
            108
        ],
        null,
        null,
        [
            109
        ],
        [
            107
        ]
    ],
    "Track_ID": 160,
    "classification": "non-motile",
    "probability_motility": 0.3209201065327985
}