bbox_area_min_pc10.0,bbox_area_min_pc50.0,bbox_area_min_pc90.0,disp_e2e_norm_pc10.0,disp_e2e_norm_pc50.0,disp_e2e_norm_pc90.0,speed_mean_pc10.0,speed_mean_pc50.0,speed_mean_pc90.0
0.0006666666666666666,0.004333333333333333,0.026533333333333332,0.00040610124221509045,0.0050190747265916515,0.051151284536331595,0.006904159503382919,0.026050325407879615,0.0569850270315855
