{
    "Times": [
        7,
        8,
        9,
        10,
        11,
        12,
        13,
        14,
        15,
        16,
        17,
        18,
        19,
        20
    ],
    "Particles_Position": [
        [
            426.2,
            461.5
        ],
        [
            431.1,
            458.1
        ],
        [
            412.6,
            467.7
        ],
        [
            418.9,
            465.8
        ],
        [
            453.1,
            436.9
        ],
        [
            437.7,
            452.8
        ],
        [
            422.0,
            463.6
        ],
        [
            416.2,
            468.2
        ],
        null,
        null,
        [
            408.1,
            465.1
        ],
        [
            434.9,
            453.9
        ],
        [
            405.2,
            467.2
        ],
        [
            432.4,
            458.3
        ]
    ],
    "Particles_Estimated_Position": [
        [
            426.2,
            461.5
        ],
        [
            431.1,
            458.1
        ],
        [
            412.6,
            467.7
        ],
        [
            418.9,
            465.8
        ],
        [
            453.1,
            436.9
        ],
        [
            437.7,
            452.8
        ],
        [
            422.0,
            463.6
        ],
        [
            416.2,
            468.2
        ],
        [
            413.5,
            467.1666666666667
        ],
        [
            410.8,
            466.1333333333333
        ],
        [
            408.1,
            465.1
        ],
        [
            434.9,
            453.9
        ],
        [
            405.2,
            467.2
        ],
        [
            432.4,
            458.3
        ]
    ],
    "Particles_Size": [
        24,
        10,
        25,
        17,
        8,
        12,
        21,
        11,
        null,
        null,
        14,
        8,
        28,
        11
    ],
    "Particles_Bbox": [
        [
            [
                423,
                454
            ],
            [
                6,
                14
            ]
        ],
        [
            [
                427,
                451
            ],
            [
                7,
                11
            ]
        ],
        [
            [
                402,
                452
            ],
            [
                15,
                23
            ]
        ],
        [
            [
                415,
                459
            ],
            [
                8,
                13
            ]
        ],
        [
            [
                451,
                431
            ],
            [
                4,
                10
            ]
        ],
        [
            [
                435,
                449
            ],
            [
                5,
                7
            ]
        ],
        [
            [
                420,
                456
            ],
            [
                3,
                14
            ]
        ],
        [
            [
                413,
                460
            ],
            [
                6,
                14
            ]
        ],
        null,
        null,
        [
            [
                394,
                452
            ],
            [
                18,
                21
            ]
        ],
        [
            [
                433,
                450
            ],
            [
                3,
                7
            ]
        ],
        [
            [
                390,
                453
            ],
            [
                21,
                22
            ]
        ],
        [
            [
                429,
                453
            ],
            [
                6,
                9
            ]
        ]
    ],
    "Particles_Max_Intensity": [
        [
            105
        ],
        [
            99
        ],
        [
            104
        ],
        [
            113
        ],
        [
            95
        ],
        [
            91
        ],
        [
            107
        ],
        [
            102
        ],
        null,
        null,
        [
            107
        ],
        [
            93
        ],
        [
            106
        ],
        [
            105
        ]
    ],
    "Track_ID": 36,
    "classification": "non-motile",
    "probability_motility": 0.47467028867966515
}