{
    "Times": [
        55,
        56,
        57,
        58,
        59,
        60,
        61,
        62,
        63,
        64,
        65,
        66,
        67,
        68,
        69,
        70,
        71,
        72
    ],
    "Particles_Position": [
        [
            517.3,
            7.1
        ],
        [
            519.0,
            6.4
        ],
        null,
        null,
        null,
        [
            518.8,
            6.7
        ],
        [
            518.8,
            5.3
        ],
        [
            518.2,
            6.3
        ],
        [
            516.4,
            7.3
        ],
        [
            517.6,
            6.6
        ],
        [
            515.9,
            5.9
        ],
        [
            517.6,
            5.9
        ],
        [
            517.2,
            6.7
        ],
        [
            516.8,
            6.6
        ],
        [
            517.9,
            5.2
        ],
        [
            517.6,
            7.4
        ],
        [
            516.0,
            7.6
        ],
        [
            517.8,
            6.2
        ]
    ],
    "Particles_Estimated_Position": [
        [
            517.3,
            7.1
        ],
        [
            519.0,
            6.4
        ],
        [
            518.95,
            6.4750000000000005
        ],
        [
            518.9,
            6.550000000000001
        ],
        [
            518.8499999999999,
            6.625
        ],
        [
            518.8,
            6.7
        ],
        [
            518.8,
            5.3
        ],
        [
            518.2,
            6.3
        ],
        [
            516.4,
            7.3
        ],
        [
            517.6,
            6.6
        ],
        [
            515.9,
            5.9
        ],
        [
            517.6,
            5.9
        ],
        [
            517.2,
            6.7
        ],
        [
            516.8,
            6.6
        ],
        [
            517.9,
            5.2
        ],
        [
            517.6,
            7.4
        ],
        [
            516.0,
            7.6
        ],
        [
            517.8,
            6.2
        ]
    ],
    "Particles_Size": [
        11,
        7,
        null,
        null,
        null,
        13,
        10,
        13,
        11,
        13,
        10,
        15,
        14,
        12,
        8,
        19,
        9,
        11
    ],
    "Particles_Bbox": [
        [
            [
                510,
                2
            ],
            [
                14,
                11
            ]
        ],
        [
            [
                516,
                0
            ],
            [
                8,
                12
            ]
        ],
        null,
        null,
        null,
        [
            [
                514,
                0
            ],
            [
                9,
                12
            ]
        ],
        [
            [
                514,
                0
            ],
            [
                10,
                12
            ]
        ],
        [
            [
                511,
                0
            ],
            [
                14,
                11
            ]
        ],
        [
            [
                510,
                2
            ],
            [
                12,
                9
            ]
        ],
        [
            [
                511,
                0
            ],
            [
                12,
                12
            ]
        ],
        [
            [
                511,
                1
            ],
            [
                11,
                10
            ]
        ],
        [
            [
                511,
                0
            ],
            [
                12,
                11
            ]
        ],
        [
            [
                511,
                0
            ],
            [
                14,
                12
            ]
        ],
        [
            [
                513,
                0
            ],
            [
                10,
                11
            ]
        ],
        [
            [
                511,
                0
            ],
            [
                12,
                10
            ]
        ],
        [
            [
                511,
                0
            ],
            [
                12,
                13
            ]
        ],
        [
            [
                511,
                2
            ],
            [
                9,
                8
            ]
        ],
        [
            [
                511,
                1
            ],
            [
                13,
                9
            ]
        ]
    ],
    "Particles_Max_Intensity": [
        [
            117
        ],
        [
            112
        ],
        null,
        null,
        null,
        [
            120
        ],
        [
            119
        ],
        [
            120
        ],
        [
            118
        ],
        [
            119
        ],
        [
            117
        ],
        [
            121
        ],
        [
            119
        ],
        [
            117
        ],
        [
            111
        ],
        [
            117
        ],
        [
            119
        ],
        [
            119
        ]
    ],
    "Track_ID": 74,
    "classification": "non-motile",
    "probability_motility": 0.320894466130074
}