{
    "Times": [
        64,
        65,
        66,
        67,
        68,
        69,
        70,
        71,
        72,
        73,
        74,
        75,
        76,
        77,
        78,
        79,
        80,
        81,
        82,
        83,
        84,
        85
    ],
    "Particles_Position": [
        [
            222.0,
            75.6
        ],
        [
            221.8,
            76.3
        ],
        [
            219.7,
            65.2
        ],
        [
            221.3,
            75.9
        ],
        [
            221.2,
            74.1
        ],
        [
            221.1,
            74.9
        ],
        null,
        [
            221.8,
            75.2
        ],
        [
            222.2,
            75.5
        ],
        null,
        null,
        null,
        null,
        null,
        null,
        null,
        null,
        null,
        null,
        null,
        [
            221.1,
            74.7
        ],
        [
            221.7,
            75.8
        ]
    ],
    "Particles_Estimated_Position": [
        [
            222.0,
            75.6
        ],
        [
            221.8,
            76.3
        ],
        [
            219.7,
            65.2
        ],
        [
            221.3,
            75.9
        ],
        [
            221.2,
            74.1
        ],
        [
            221.1,
            74.9
        ],
        [
            221.45,
            75.05000000000001
        ],
        [
            221.8,
            75.2
        ],
        [
            222.2,
            75.5
        ],
        [
            222.10833333333332,
            75.43333333333334
        ],
        [
            222.01666666666665,
            75.36666666666667
        ],
        [
            221.92499999999998,
            75.3
        ],
        [
            221.83333333333331,
            75.23333333333333
        ],
        [
            221.74166666666665,
            75.16666666666667
        ],
        [
            221.64999999999998,
            75.1
        ],
        [
            221.55833333333334,
            75.03333333333333
        ],
        [
            221.46666666666667,
            74.96666666666667
        ],
        [
            221.375,
            74.9
        ],
        [
            221.28333333333333,
            74.83333333333334
        ],
        [
            221.19166666666666,
            74.76666666666667
        ],
        [
            221.1,
            74.7
        ],
        [
            221.7,
            75.8
        ]
    ],
    "Particles_Size": [
        13,
        25,
        23,
        20,
        9,
        12,
        null,
        13,
        13,
        null,
        null,
        null,
        null,
        null,
        null,
        null,
        null,
        null,
        null,
        null,
        10,
        12
    ],
    "Particles_Bbox": [
        [
            [
                217,
                68
            ],
            [
                13,
                16
            ]
        ],
        [
            [
                217,
                67
            ],
            [
                12,
                17
            ]
        ],
        [
            [
                210,
                44
            ],
            [
                19,
                41
            ]
        ],
        [
            [
                217,
                67
            ],
            [
                12,
                17
            ]
        ],
        [
            [
                216,
                68
            ],
            [
                13,
                17
            ]
        ],
        [
            [
                217,
                67
            ],
            [
                9,
                18
            ]
        ],
        null,
        [
            [
                218,
                67
            ],
            [
                9,
                18
            ]
        ],
        [
            [
                218,
                68
            ],
            [
                12,
                17
            ]
        ],
        null,
        null,
        null,
        null,
        null,
        null,
        null,
        null,
        null,
        null,
        null,
        [
            [
                218,
                69
            ],
            [
                8,
                10
            ]
        ],
        [
            [
                217,
                68
            ],
            [
                13,
                17
            ]
        ]
    ],
    "Particles_Max_Intensity": [
        [
            104
        ],
        [
            101
        ],
        [
            113
        ],
        [
            102
        ],
        [
            112
        ],
        [
            112
        ],
        null,
        [
            113
        ],
        [
            111
        ],
        null,
        null,
        null,
        null,
        null,
        null,
        null,
        null,
        null,
        null,
        null,
        [
            100
        ],
        [
            107
        ]
    ],
    "Track_ID": 77,
    "classification": "non-motile",
    "probability_motility": 0.3936555370348632
}