{
    "Times": [
        84,
        85,
        86,
        87,
        88,
        89,
        90,
        91,
        92,
        93,
        94,
        95,
        96,
        97
    ],
    "Particles_Position": [
        [
            800.4,
            229.3
        ],
        [
            798.7,
            228.6
        ],
        [
            799.1,
            229.1
        ],
        [
            798.0,
            228.1
        ],
        [
            799.0,
            227.4
        ],
        null,
        null,
        [
            800.2,
            227.3
        ],
        [
            801.3,
            228.6
        ],
        null,
        [
            805.1,
            229.0
        ],
        [
            805.2,
            230.4
        ],
        [
            804.9,
            230.4
        ],
        [
            800.8,
            229.0
        ]
    ],
    "Particles_Estimated_Position": [
        [
            800.4,
            229.3
        ],
        [
            798.7,
            228.6
        ],
        [
            799.1,
            229.1
        ],
        [
            798.0,
            228.1
        ],
        [
            799.0,
            227.4
        ],
        [
            799.4,
            227.36666666666667
        ],
        [
            799.8000000000001,
            227.33333333333334
        ],
        [
            800.2,
            227.3
        ],
        [
            801.3,
            228.6
        ],
        [
            803.2,
            228.8
        ],
        [
            805.1,
            229.0
        ],
        [
            805.2,
            230.4
        ],
        [
            804.9,
            230.4
        ],
        [
            800.8,
            229.0
        ]
    ],
    "Particles_Size": [
        10,
        10,
        9,
        8,
        7,
        null,
        null,
        6,
        7,
        null,
        14,
        13,
        7,
        6
    ],
    "Particles_Bbox": [
        [
            [
                794,
                226
            ],
            [
                24,
                9
            ]
        ],
        [
            [
                791,
                226
            ],
            [
                27,
                9
            ]
        ],
        [
            [
                792,
                226
            ],
            [
                12,
                5
            ]
        ],
        [
            [
                792,
                226
            ],
            [
                12,
                4
            ]
        ],
        [
            [
                796,
                224
            ],
            [
                6,
                6
            ]
        ],
        null,
        null,
        [
            [
                796,
                225
            ],
            [
                10,
                5
            ]
        ],
        [
            [
                794,
                225
            ],
            [
                18,
                13
            ]
        ],
        null,
        [
            [
                794,
                224
            ],
            [
                26,
                10
            ]
        ],
        [
            [
                794,
                224
            ],
            [
                26,
                14
            ]
        ],
        [
            [
                794,
                225
            ],
            [
                24,
                8
            ]
        ],
        [
            [
                795,
                224
            ],
            [
                8,
                7
            ]
        ]
    ],
    "Particles_Max_Intensity": [
        [
            102
        ],
        [
            113
        ],
        [
            112
        ],
        [
            114
        ],
        [
            92
        ],
        null,
        null,
        [
            109
        ],
        [
            111
        ],
        null,
        [
            111
        ],
        [
            113
        ],
        [
            109
        ],
        [
            113
        ]
    ],
    "Track_ID": 91,
    "classification": "non-motile",
    "probability_motility": 0.4085209988874092
}