{
    "Times": [
        280,
        281,
        282,
        283,
        284,
        285,
        286,
        287,
        288,
        289,
        290,
        291,
        292,
        293,
        294,
        295
    ],
    "Particles_Position": [
        [
            796.1,
            223.3
        ],
        [
            796.1,
            223.7
        ],
        [
            797.0,
            223.7
        ],
        [
            797.6,
            223.7
        ],
        [
            795.6,
            223.0
        ],
        [
            797.2,
            223.1
        ],
        [
            796.7,
            222.4
        ],
        [
            795.8,
            222.3
        ],
        [
            796.0,
            222.1
        ],
        [
            796.2,
            222.9
        ],
        [
            796.7,
            220.6
        ],
        null,
        null,
        [
            797.7,
            222.9
        ],
        [
            796.7,
            222.0
        ],
        [
            796.2,
            219.9
        ]
    ],
    "Particles_Estimated_Position": [
        [
            796.1,
            223.3
        ],
        [
            796.1,
            223.7
        ],
        [
            797.0,
            223.7
        ],
        [
            797.6,
            223.7
        ],
        [
            795.6,
            223.0
        ],
        [
            797.2,
            223.1
        ],
        [
            796.7,
            222.4
        ],
        [
            795.8,
            222.3
        ],
        [
            796.0,
            222.1
        ],
        [
            796.2,
            222.9
        ],
        [
            796.7,
            220.6
        ],
        [
            797.0333333333334,
            221.36666666666667
        ],
        [
            797.3666666666667,
            222.13333333333333
        ],
        [
            797.7,
            222.9
        ],
        [
            796.7,
            222.0
        ],
        [
            796.2,
            219.9
        ]
    ],
    "Particles_Size": [
        12,
        22,
        13,
        18,
        8,
        20,
        9,
        9,
        11,
        12,
        9,
        null,
        null,
        7,
        7,
        12
    ],
    "Particles_Bbox": [
        [
            [
                791,
                219
            ],
            [
                10,
                6
            ]
        ],
        [
            [
                791,
                219
            ],
            [
                12,
                9
            ]
        ],
        [
            [
                792,
                219
            ],
            [
                11,
                8
            ]
        ],
        [
            [
                792,
                219
            ],
            [
                12,
                9
            ]
        ],
        [
            [
                791,
                219
            ],
            [
                11,
                8
            ]
        ],
        [
            [
                792,
                213
            ],
            [
                12,
                15
            ]
        ],
        [
            [
                794,
                220
            ],
            [
                6,
                4
            ]
        ],
        [
            [
                792,
                219
            ],
            [
                7,
                5
            ]
        ],
        [
            [
                792,
                219
            ],
            [
                7,
                5
            ]
        ],
        [
            [
                792,
                219
            ],
            [
                9,
                8
            ]
        ],
        [
            [
                795,
                219
            ],
            [
                6,
                4
            ]
        ],
        null,
        null,
        [
            [
                795,
                220
            ],
            [
                6,
                10
            ]
        ],
        [
            [
                794,
                219
            ],
            [
                5,
                5
            ]
        ],
        [
            [
                790,
                215
            ],
            [
                13,
                8
            ]
        ]
    ],
    "Particles_Max_Intensity": [
        [
            113
        ],
        [
            109
        ],
        [
            112
        ],
        [
            111
        ],
        [
            111
        ],
        [
            114
        ],
        [
            97
        ],
        [
            109
        ],
        [
            109
        ],
        [
            109
        ],
        [
            96
        ],
        null,
        null,
        [
            100
        ],
        [
            107
        ],
        [
            110
        ]
    ],
    "Track_ID": 184,
    "classification": "non-motile",
    "probability_motility": 0.31906293313212225
}