{
    "Times": [
        116,
        117,
        118,
        119,
        120,
        121,
        122,
        123,
        124,
        125,
        126,
        127,
        128,
        129,
        130,
        131,
        132,
        133,
        134,
        135,
        136,
        137,
        138,
        139,
        140,
        141,
        142,
        143,
        144,
        145,
        146,
        147
    ],
    "Particles_Position": [
        [
            624.3,
            241.3
        ],
        [
            615.0,
            262.6
        ],
        [
            605.6,
            243.9
        ],
        [
            610.0,
            259.3
        ],
        [
            612.1,
            261.5
        ],
        [
            598.0,
            282.9
        ],
        null,
        null,
        null,
        null,
        null,
        null,
        null,
        null,
        null,
        null,
        null,
        null,
        null,
        null,
        [
            600.4,
            286.1
        ],
        [
            590.5,
            285.5
        ],
        [
            603.2,
            268.3
        ],
        null,
        null,
        [
            600.0,
            245.2
        ],
        [
            599.6,
            239.2
        ],
        [
            601.1,
            236.0
        ],
        [
            593.8,
            245.5
        ],
        [
            601.6,
            246.1
        ],
        [
            593.9,
            272.4
        ],
        [
            589.5,
            295.4
        ]
    ],
    "Particles_Estimated_Position": [
        [
            624.3,
            241.3
        ],
        [
            615.0,
            262.6
        ],
        [
            605.6,
            243.9
        ],
        [
            610.0,
            259.3
        ],
        [
            612.1,
            261.5
        ],
        [
            598.0,
            282.9
        ],
        [
            598.16,
            283.1133333333333
        ],
        [
            598.32,
            283.32666666666665
        ],
        [
            598.48,
            283.53999999999996
        ],
        [
            598.64,
            283.75333333333333
        ],
        [
            598.8,
            283.96666666666664
        ],
        [
            598.96,
            284.18
        ],
        [
            599.12,
            284.3933333333333
        ],
        [
            599.28,
            284.6066666666667
        ],
        [
            599.4399999999999,
            284.82
        ],
        [
            599.6,
            285.03333333333336
        ],
        [
            599.76,
            285.24666666666667
        ],
        [
            599.92,
            285.46000000000004
        ],
        [
            600.0799999999999,
            285.67333333333335
        ],
        [
            600.24,
            285.8866666666667
        ],
        [
            600.4,
            286.1
        ],
        [
            590.5,
            285.5
        ],
        [
            603.2,
            268.3
        ],
        [
            602.1333333333333,
            260.6
        ],
        [
            601.0666666666667,
            252.9
        ],
        [
            600.0,
            245.2
        ],
        [
            599.6,
            239.2
        ],
        [
            601.1,
            236.0
        ],
        [
            593.8,
            245.5
        ],
        [
            601.6,
            246.1
        ],
        [
            593.9,
            272.4
        ],
        [
            589.5,
            295.4
        ]
    ],
    "Particles_Size": [
        24,
        58,
        28,
        71,
        57,
        11,
        null,
        null,
        null,
        null,
        null,
        null,
        null,
        null,
        null,
        null,
        null,
        null,
        null,
        null,
        14,
        38,
        10,
        null,
        null,
        97,
        160,
        162,
        142,
        140,
        74,
        22
    ],
    "Particles_Bbox": [
        [
            [
                595,
                230
            ],
            [
                59,
                20
            ]
        ],
        [
            [
                571,
                229
            ],
            [
                83,
                73
            ]
        ],
        [
            [
                583,
                232
            ],
            [
                50,
                31
            ]
        ],
        [
            [
                579,
                222
            ],
            [
                65,
                92
            ]
        ],
        [
            [
                573,
                220
            ],
            [
                79,
                87
            ]
        ],
        [
            [
                588,
                271
            ],
            [
                19,
                23
            ]
        ],
        null,
        null,
        null,
        null,
        null,
        null,
        null,
        null,
        null,
        null,
        null,
        null,
        null,
        null,
        [
            [
                584,
                272
            ],
            [
                29,
                34
            ]
        ],
        [
            [
                554,
                255
            ],
            [
                77,
                58
            ]
        ],
        [
            [
                584,
                260
            ],
            [
                32,
                14
            ]
        ],
        null,
        null,
        [
            [
                572,
                174
            ],
            [
                58,
                132
            ]
        ],
        [
            [
                550,
                181
            ],
            [
                94,
                130
            ]
        ],
        [
            [
                553,
                173
            ],
            [
                88,
                142
            ]
        ],
        [
            [
                556,
                178
            ],
            [
                67,
                135
            ]
        ],
        [
            [
                569,
                188
            ],
            [
                75,
                123
            ]
        ],
        [
            [
                564,
                218
            ],
            [
                54,
                95
            ]
        ],
        [
            [
                576,
                270
            ],
            [
                27,
                45
            ]
        ]
    ],
    "Particles_Max_Intensity": [
        [
            138
        ],
        [
            135
        ],
        [
            128
        ],
        [
            137
        ],
        [
            143
        ],
        [
            134
        ],
        null,
        null,
        null,
        null,
        null,
        null,
        null,
        null,
        null,
        null,
        null,
        null,
        null,
        null,
        [
            127
        ],
        [
            132
        ],
        [
            125
        ],
        null,
        null,
        [
            137
        ],
        [
            142
        ],
        [
            138
        ],
        [
            138
        ],
        [
            139
        ],
        [
            137
        ],
        [
            130
        ]
    ],
    "Track_ID": 40,
    "classification": "non-motile",
    "probability_motility": 0.4238396696021532
}