{
    "Times": [
        56,
        57,
        58,
        59,
        60,
        61,
        62,
        63,
        64,
        65,
        66,
        67,
        68,
        69,
        70,
        71,
        72
    ],
    "Particles_Position": [
        [
            137.0,
            483.1
        ],
        [
            165.4,
            504.7
        ],
        [
            163.0,
            478.6
        ],
        [
            143.4,
            478.4
        ],
        [
            135.6,
            480.4
        ],
        null,
        null,
        null,
        null,
        null,
        [
            158.8,
            505.9
        ],
        [
            171.6,
            498.3
        ],
        [
            167.3,
            502.4
        ],
        [
            173.5,
            502.4
        ],
        [
            156.4,
            479.7
        ],
        [
            163.4,
            503.1
        ],
        [
            162.8,
            500.2
        ]
    ],
    "Particles_Estimated_Position": [
        [
            137.0,
            483.1
        ],
        [
            165.4,
            504.7
        ],
        [
            163.0,
            478.6
        ],
        [
            143.4,
            478.4
        ],
        [
            135.6,
            480.4
        ],
        [
            139.46666666666667,
            484.65
        ],
        [
            143.33333333333334,
            488.9
        ],
        [
            147.2,
            493.15
        ],
        [
            151.06666666666666,
            497.4
        ],
        [
            154.93333333333334,
            501.65
        ],
        [
            158.8,
            505.9
        ],
        [
            171.6,
            498.3
        ],
        [
            167.3,
            502.4
        ],
        [
            173.5,
            502.4
        ],
        [
            156.4,
            479.7
        ],
        [
            163.4,
            503.1
        ],
        [
            162.8,
            500.2
        ]
    ],
    "Particles_Size": [
        320,
        66,
        4896,
        284,
        368,
        null,
        null,
        null,
        null,
        null,
        37,
        121,
        88,
        90,
        236,
        43,
        79
    ],
    "Particles_Bbox": [
        [
            [
                77,
                427
            ],
            [
                132,
                103
            ]
        ],
        [
            [
                134,
                482
            ],
            [
                58,
                45
            ]
        ],
        [
            [
                0,
                212
            ],
            [
                350,
                569
            ]
        ],
        [
            [
                91,
                416
            ],
            [
                119,
                116
            ]
        ],
        [
            [
                66,
                415
            ],
            [
                144,
                112
            ]
        ],
        null,
        null,
        null,
        null,
        null,
        [
            [
                143,
                493
            ],
            [
                32,
                30
            ]
        ],
        [
            [
                134,
                469
            ],
            [
                79,
                57
            ]
        ],
        [
            [
                133,
                478
            ],
            [
                63,
                49
            ]
        ],
        [
            [
                146,
                477
            ],
            [
                58,
                46
            ]
        ],
        [
            [
                108,
                420
            ],
            [
                101,
                113
            ]
        ],
        [
            [
                146,
                485
            ],
            [
                35,
                35
            ]
        ],
        [
            [
                130,
                479
            ],
            [
                57,
                39
            ]
        ]
    ],
    "Particles_Max_Intensity": [
        [
            64
        ],
        [
            59
        ],
        [
            70
        ],
        [
            65
        ],
        [
            65
        ],
        null,
        null,
        null,
        null,
        null,
        [
            58
        ],
        [
            59
        ],
        [
            59
        ],
        [
            58
        ],
        [
            64
        ],
        [
            59
        ],
        [
            59
        ]
    ],
    "Track_ID": 20,
    "classification": "non-motile",
    "probability_motility": 0.4783155702461107
}