{
    "Times": [
        65,
        66,
        67,
        68,
        69,
        70,
        71,
        72,
        73,
        74,
        75,
        76,
        77,
        78,
        79,
        80
    ],
    "Particles_Position": [
        [
            839.8,
            392.9
        ],
        [
            823.0,
            396.0
        ],
        [
            822.4,
            392.5
        ],
        [
            818.5,
            395.6
        ],
        [
            819.5,
            395.8
        ],
        null,
        null,
        [
            820.7,
            391.4
        ],
        [
            820.7,
            401.8
        ],
        null,
        [
            819.9,
            394.4
        ],
        [
            822.6,
            391.8
        ],
        [
            840.4,
            409.3
        ],
        [
            841.0,
            409.9
        ],
        [
            836.3,
            412.0
        ],
        [
            822.1,
            392.7
        ]
    ],
    "Particles_Estimated_Position": [
        [
            839.8,
            392.9
        ],
        [
            823.0,
            396.0
        ],
        [
            822.4,
            392.5
        ],
        [
            818.5,
            395.6
        ],
        [
            819.5,
            395.8
        ],
        [
            819.9,
            394.3333333333333
        ],
        [
            820.3000000000001,
            392.8666666666667
        ],
        [
            820.7,
            391.4
        ],
        [
            820.7,
            401.8
        ],
        [
            820.3,
            398.1
        ],
        [
            819.9,
            394.4
        ],
        [
            822.6,
            391.8
        ],
        [
            840.4,
            409.3
        ],
        [
            841.0,
            409.9
        ],
        [
            836.3,
            412.0
        ],
        [
            822.1,
            392.7
        ]
    ],
    "Particles_Size": [
        213,
        109,
        150,
        149,
        187,
        null,
        null,
        99,
        184,
        null,
        111,
        106,
        207,
        207,
        175,
        118
    ],
    "Particles_Bbox": [
        [
            [
                789,
                358
            ],
            [
                100,
                64
            ]
        ],
        [
            [
                791,
                370
            ],
            [
                66,
                51
            ]
        ],
        [
            [
                789,
                356
            ],
            [
                66,
                73
            ]
        ],
        [
            [
                784,
                358
            ],
            [
                73,
                68
            ]
        ],
        [
            [
                773,
                361
            ],
            [
                88,
                68
            ]
        ],
        null,
        null,
        [
            [
                791,
                358
            ],
            [
                60,
                61
            ]
        ],
        [
            [
                785,
                362
            ],
            [
                72,
                80
            ]
        ],
        null,
        [
            [
                788,
                360
            ],
            [
                70,
                64
            ]
        ],
        [
            [
                796,
                359
            ],
            [
                59,
                63
            ]
        ],
        [
            [
                788,
                371
            ],
            [
                100,
                80
            ]
        ],
        [
            [
                794,
                365
            ],
            [
                94,
                92
            ]
        ],
        [
            [
                796,
                369
            ],
            [
                79,
                86
            ]
        ],
        [
            [
                789,
                362
            ],
            [
                70,
                60
            ]
        ]
    ],
    "Particles_Max_Intensity": [
        [
            59
        ],
        [
            52
        ],
        [
            58
        ],
        [
            59
        ],
        [
            57
        ],
        null,
        null,
        [
            59
        ],
        [
            59
        ],
        null,
        [
            58
        ],
        [
            58
        ],
        [
            55
        ],
        [
            58
        ],
        [
            53
        ],
        [
            58
        ]
    ],
    "Track_ID": 30,
    "classification": "non-motile",
    "probability_motility": 0.3802848963246858
}