{
    "Times": [
        88,
        89,
        90,
        91,
        92,
        93,
        94,
        95,
        96,
        97,
        98,
        99,
        100,
        101,
        102,
        103,
        104,
        105,
        106,
        107,
        108,
        109,
        110
    ],
    "Particles_Position": [
        [
            997.8,
            719.7
        ],
        [
            1008.1,
            732.4
        ],
        null,
        null,
        null,
        null,
        null,
        [
            989.6,
            726.9
        ],
        [
            1005.6,
            727.5
        ],
        null,
        [
            989.0,
            732.6
        ],
        [
            977.7,
            742.2
        ],
        [
            970.1,
            761.0
        ],
        [
            963.9,
            756.0
        ],
        [
            967.9,
            763.3
        ],
        [
            990.8,
            730.4
        ],
        [
            995.3,
            719.7
        ],
        [
            998.6,
            725.9
        ],
        [
            990.5,
            732.5
        ],
        [
            994.0,
            734.1
        ],
        [
            1000.4,
            720.8
        ],
        [
            984.5,
            734.0
        ],
        [
            1001.4,
            727.7
        ]
    ],
    "Particles_Estimated_Position": [
        [
            997.8,
            719.7
        ],
        [
            1008.1,
            732.4
        ],
        [
            1005.0166666666667,
            731.4833333333333
        ],
        [
            1001.9333333333334,
            730.5666666666666
        ],
        [
            998.85,
            729.65
        ],
        [
            995.7666666666667,
            728.7333333333333
        ],
        [
            992.6833333333334,
            727.8166666666666
        ],
        [
            989.6,
            726.9
        ],
        [
            1005.6,
            727.5
        ],
        [
            997.3,
            730.05
        ],
        [
            989.0,
            732.6
        ],
        [
            977.7,
            742.2
        ],
        [
            970.1,
            761.0
        ],
        [
            963.9,
            756.0
        ],
        [
            967.9,
            763.3
        ],
        [
            990.8,
            730.4
        ],
        [
            995.3,
            719.7
        ],
        [
            998.6,
            725.9
        ],
        [
            990.5,
            732.5
        ],
        [
            994.0,
            734.1
        ],
        [
            1000.4,
            720.8
        ],
        [
            984.5,
            734.0
        ],
        [
            1001.4,
            727.7
        ]
    ],
    "Particles_Size": [
        99,
        39,
        null,
        null,
        null,
        null,
        null,
        121,
        54,
        null,
        139,
        55,
        67,
        40,
        67,
        98,
        87,
        87,
        166,
        26,
        104,
        143,
        54
    ],
    "Particles_Bbox": [
        [
            [
                975,
                687
            ],
            [
                48,
                60
            ]
        ],
        [
            [
                992,
                719
            ],
            [
                31,
                27
            ]
        ],
        null,
        null,
        null,
        null,
        null,
        [
            [
                954,
                692
            ],
            [
                68,
                69
            ]
        ],
        [
            [
                986,
                701
            ],
            [
                37,
                46
            ]
        ],
        null,
        [
            [
                953,
                694
            ],
            [
                69,
                77
            ]
        ],
        [
            [
                960,
                721
            ],
            [
                37,
                47
            ]
        ],
        [
            [
                953,
                740
            ],
            [
                38,
                45
            ]
        ],
        [
            [
                949,
                740
            ],
            [
                29,
                32
            ]
        ],
        [
            [
                944,
                742
            ],
            [
                46,
                45
            ]
        ],
        [
            [
                958,
                701
            ],
            [
                61,
                56
            ]
        ],
        [
            [
                969,
                694
            ],
            [
                54,
                52
            ]
        ],
        [
            [
                969,
                701
            ],
            [
                54,
                51
            ]
        ],
        [
            [
                954,
                686
            ],
            [
                68,
                89
            ]
        ],
        [
            [
                981,
                717
            ],
            [
                30,
                27
            ]
        ],
        [
            [
                971,
                691
            ],
            [
                52,
                62
            ]
        ],
        [
            [
                942,
                692
            ],
            [
                80,
                82
            ]
        ],
        [
            [
                981,
                708
            ],
            [
                41,
                38
            ]
        ]
    ],
    "Particles_Max_Intensity": [
        [
            58
        ],
        [
            57
        ],
        null,
        null,
        null,
        null,
        null,
        [
            58
        ],
        [
            58
        ],
        null,
        [
            59
        ],
        [
            57
        ],
        [
            59
        ],
        [
            59
        ],
        [
            58
        ],
        [
            58
        ],
        [
            58
        ],
        [
            58
        ],
        [
            59
        ],
        [
            56
        ],
        [
            58
        ],
        [
            61
        ],
        [
            57
        ]
    ],
    "Track_ID": 50,
    "classification": "non-motile",
    "probability_motility": 0.3724155690201194
}