{
    "Times": [
        141,
        142,
        143,
        144,
        145,
        146,
        147,
        148,
        149,
        150,
        151,
        152,
        153,
        154,
        155,
        156,
        157,
        158,
        159,
        160
    ],
    "Particles_Position": [
        [
            821.8,
            397.1
        ],
        [
            804.5,
            388.9
        ],
        [
            820.5,
            392.6
        ],
        [
            821.0,
            391.8
        ],
        [
            819.5,
            394.3
        ],
        [
            822.2,
            393.4
        ],
        [
            817.9,
            396.3
        ],
        [
            818.0,
            394.4
        ],
        [
            821.8,
            388.3
        ],
        null,
        null,
        [
            821.0,
            391.0
        ],
        [
            819.0,
            395.9
        ],
        [
            827.0,
            390.8
        ],
        null,
        [
            818.1,
            401.6
        ],
        [
            819.3,
            397.2
        ],
        null,
        [
            827.1,
            392.5
        ],
        [
            828.9,
            396.0
        ]
    ],
    "Particles_Estimated_Position": [
        [
            821.8,
            397.1
        ],
        [
            804.5,
            388.9
        ],
        [
            820.5,
            392.6
        ],
        [
            821.0,
            391.8
        ],
        [
            819.5,
            394.3
        ],
        [
            822.2,
            393.4
        ],
        [
            817.9,
            396.3
        ],
        [
            818.0,
            394.4
        ],
        [
            821.8,
            388.3
        ],
        [
            821.5333333333333,
            389.2
        ],
        [
            821.2666666666667,
            390.1
        ],
        [
            821.0,
            391.0
        ],
        [
            819.0,
            395.9
        ],
        [
            827.0,
            390.8
        ],
        [
            822.55,
            396.20000000000005
        ],
        [
            818.1,
            401.6
        ],
        [
            819.3,
            397.2
        ],
        [
            823.2,
            394.85
        ],
        [
            827.1,
            392.5
        ],
        [
            828.9,
            396.0
        ]
    ],
    "Particles_Size": [
        68,
        238,
        57,
        89,
        95,
        94,
        58,
        70,
        106,
        null,
        null,
        76,
        96,
        161,
        null,
        266,
        198,
        null,
        134,
        177
    ],
    "Particles_Bbox": [
        [
            [
                798,
                376
            ],
            [
                49,
                46
            ]
        ],
        [
            [
                756,
                352
            ],
            [
                94,
                80
            ]
        ],
        [
            [
                798,
                363
            ],
            [
                46,
                53
            ]
        ],
        [
            [
                794,
                375
            ],
            [
                58,
                40
            ]
        ],
        [
            [
                792,
                365
            ],
            [
                57,
                58
            ]
        ],
        [
            [
                792,
                365
            ],
            [
                60,
                56
            ]
        ],
        [
            [
                791,
                381
            ],
            [
                49,
                38
            ]
        ],
        [
            [
                793,
                371
            ],
            [
                50,
                47
            ]
        ],
        [
            [
                790,
                353
            ],
            [
                65,
                67
            ]
        ],
        null,
        null,
        [
            [
                796,
                364
            ],
            [
                50,
                52
            ]
        ],
        [
            [
                795,
                363
            ],
            [
                51,
                62
            ]
        ],
        [
            [
                791,
                354
            ],
            [
                80,
                77
            ]
        ],
        null,
        [
            [
                764,
                356
            ],
            [
                101,
                98
            ]
        ],
        [
            [
                785,
                359
            ],
            [
                72,
                80
            ]
        ],
        null,
        [
            [
                800,
                361
            ],
            [
                63,
                66
            ]
        ],
        [
            [
                790,
                361
            ],
            [
                79,
                65
            ]
        ]
    ],
    "Particles_Max_Intensity": [
        [
            53
        ],
        [
            58
        ],
        [
            59
        ],
        [
            52
        ],
        [
            59
        ],
        [
            57
        ],
        [
            53
        ],
        [
            53
        ],
        [
            58
        ],
        null,
        null,
        [
            58
        ],
        [
            58
        ],
        [
            57
        ],
        null,
        [
            57
        ],
        [
            57
        ],
        null,
        [
            58
        ],
        [
            56
        ]
    ],
    "Track_ID": 67,
    "classification": "non-motile",
    "probability_motility": 0.3557712268828758
}