{
    "Times": [
        208,
        209,
        210,
        211,
        212,
        213,
        214,
        215,
        216,
        217,
        218,
        219,
        220,
        221,
        222,
        223,
        224,
        225,
        226,
        227,
        228
    ],
    "Particles_Position": [
        [
            826.2,
            599.7
        ],
        [
            852.6,
            618.0
        ],
        [
            863.5,
            575.2
        ],
        [
            853.9,
            567.4
        ],
        [
            856.3,
            577.5
        ],
        null,
        null,
        null,
        null,
        [
            851.9,
            576.8
        ],
        [
            838.4,
            599.0
        ],
        null,
        null,
        null,
        null,
        null,
        null,
        null,
        null,
        [
            857.6,
            570.6
        ],
        [
            826.0,
            575.8
        ]
    ],
    "Particles_Estimated_Position": [
        [
            826.2,
            599.7
        ],
        [
            852.6,
            618.0
        ],
        [
            863.5,
            575.2
        ],
        [
            853.9,
            567.4
        ],
        [
            856.3,
            577.5
        ],
        [
            855.42,
            577.36
        ],
        [
            854.54,
            577.22
        ],
        [
            853.66,
            577.0799999999999
        ],
        [
            852.78,
            576.9399999999999
        ],
        [
            851.9,
            576.8
        ],
        [
            838.4,
            599.0
        ],
        [
            840.5333333333333,
            595.8444444444444
        ],
        [
            842.6666666666666,
            592.6888888888889
        ],
        [
            844.8,
            589.5333333333333
        ],
        [
            846.9333333333333,
            586.3777777777777
        ],
        [
            849.0666666666667,
            583.2222222222223
        ],
        [
            851.2,
            580.0666666666667
        ],
        [
            853.3333333333334,
            576.9111111111112
        ],
        [
            855.4666666666667,
            573.7555555555556
        ],
        [
            857.6,
            570.6
        ],
        [
            826.0,
            575.8
        ]
    ],
    "Particles_Size": [
        429,
        45,
        158,
        71,
        79,
        null,
        null,
        null,
        null,
        231,
        389,
        null,
        null,
        null,
        null,
        null,
        null,
        null,
        null,
        184,
        288
    ],
    "Particles_Bbox": [
        [
            [
                774,
                538
            ],
            [
                111,
                125
            ]
        ],
        [
            [
                836,
                603
            ],
            [
                34,
                31
            ]
        ],
        [
            [
                822,
                544
            ],
            [
                85,
                63
            ]
        ],
        [
            [
                831,
                545
            ],
            [
                51,
                45
            ]
        ],
        [
            [
                831,
                552
            ],
            [
                52,
                51
            ]
        ],
        null,
        null,
        null,
        null,
        [
            [
                800,
                535
            ],
            [
                100,
                88
            ]
        ],
        [
            [
                772,
                538
            ],
            [
                118,
                132
            ]
        ],
        null,
        null,
        null,
        null,
        null,
        null,
        null,
        null,
        [
            [
                817,
                538
            ],
            [
                92,
                78
            ]
        ],
        [
            [
                764,
                528
            ],
            [
                114,
                97
            ]
        ]
    ],
    "Particles_Max_Intensity": [
        [
            64
        ],
        [
            64
        ],
        [
            62
        ],
        [
            63
        ],
        [
            62
        ],
        null,
        null,
        null,
        null,
        [
            64
        ],
        [
            64
        ],
        null,
        null,
        null,
        null,
        null,
        null,
        null,
        null,
        [
            62
        ],
        [
            63
        ]
    ],
    "Track_ID": 90,
    "classification": "non-motile",
    "probability_motility": 0.46269980873542305
}