{
    "Times": [
        263,
        264,
        265,
        266,
        267,
        268,
        269,
        270,
        271,
        272,
        273,
        274,
        275,
        276,
        277,
        278,
        279,
        280,
        281,
        282,
        283,
        284,
        285,
        286,
        287,
        288,
        289,
        290,
        291,
        292
    ],
    "Particles_Position": [
        [
            586.5,
            719.1
        ],
        [
            578.8,
            718.5
        ],
        [
            592.0,
            721.5
        ],
        null,
        null,
        null,
        null,
        null,
        null,
        [
            589.0,
            716.9
        ],
        [
            557.4,
            721.2
        ],
        [
            558.1,
            722.2
        ],
        [
            553.3,
            725.7
        ],
        [
            552.3,
            726.2
        ],
        null,
        null,
        null,
        [
            568.4,
            722.6
        ],
        [
            565.6,
            715.2
        ],
        [
            551.3,
            725.6
        ],
        [
            560.8,
            721.8
        ],
        null,
        [
            573.1,
            717.5
        ],
        [
            592.0,
            718.7
        ],
        [
            598.3,
            726.3
        ],
        [
            610.8,
            728.6
        ],
        [
            617.2,
            746.1
        ],
        [
            621.0,
            775.1
        ],
        [
            618.3,
            775.1
        ],
        [
            623.9,
            749.4
        ]
    ],
    "Particles_Estimated_Position": [
        [
            586.5,
            719.1
        ],
        [
            578.8,
            718.5
        ],
        [
            592.0,
            721.5
        ],
        [
            591.5714285714286,
            720.8428571428572
        ],
        [
            591.1428571428571,
            720.1857142857143
        ],
        [
            590.7142857142857,
            719.5285714285715
        ],
        [
            590.2857142857143,
            718.8714285714285
        ],
        [
            589.8571428571429,
            718.2142857142857
        ],
        [
            589.4285714285714,
            717.5571428571428
        ],
        [
            589.0,
            716.9
        ],
        [
            557.4,
            721.2
        ],
        [
            558.1,
            722.2
        ],
        [
            553.3,
            725.7
        ],
        [
            552.3,
            726.2
        ],
        [
            556.3249999999999,
            725.3000000000001
        ],
        [
            560.3499999999999,
            724.4000000000001
        ],
        [
            564.375,
            723.5
        ],
        [
            568.4,
            722.6
        ],
        [
            565.6,
            715.2
        ],
        [
            551.3,
            725.6
        ],
        [
            560.8,
            721.8
        ],
        [
            566.95,
            719.65
        ],
        [
            573.1,
            717.5
        ],
        [
            592.0,
            718.7
        ],
        [
            598.3,
            726.3
        ],
        [
            610.8,
            728.6
        ],
        [
            617.2,
            746.1
        ],
        [
            621.0,
            775.1
        ],
        [
            618.3,
            775.1
        ],
        [
            623.9,
            749.4
        ]
    ],
    "Particles_Size": [
        135,
        99,
        79,
        null,
        null,
        null,
        null,
        null,
        null,
        99,
        95,
        76,
        63,
        98,
        null,
        null,
        null,
        69,
        65,
        77,
        38,
        null,
        67,
        95,
        92,
        58,
        80,
        98,
        123,
        101
    ],
    "Particles_Bbox": [
        [
            [
                540,
                692
            ],
            [
                93,
                51
            ]
        ],
        [
            [
                546,
                692
            ],
            [
                67,
                48
            ]
        ],
        [
            [
                562,
                702
            ],
            [
                59,
                43
            ]
        ],
        null,
        null,
        null,
        null,
        null,
        null,
        [
            [
                560,
                688
            ],
            [
                64,
                57
            ]
        ],
        [
            [
                521,
                696
            ],
            [
                69,
                49
            ]
        ],
        [
            [
                532,
                701
            ],
            [
                51,
                47
            ]
        ],
        [
            [
                527,
                706
            ],
            [
                53,
                42
            ]
        ],
        [
            [
                522,
                695
            ],
            [
                64,
                58
            ]
        ],
        null,
        null,
        null,
        [
            [
                544,
                705
            ],
            [
                53,
                36
            ]
        ],
        [
            [
                546,
                694
            ],
            [
                48,
                44
            ]
        ],
        [
            [
                527,
                699
            ],
            [
                46,
                54
            ]
        ],
        [
            [
                544,
                707
            ],
            [
                33,
                31
            ]
        ],
        null,
        [
            [
                547,
                697
            ],
            [
                53,
                42
            ]
        ],
        [
            [
                562,
                691
            ],
            [
                64,
                53
            ]
        ],
        [
            [
                568,
                701
            ],
            [
                63,
                46
            ]
        ],
        [
            [
                594,
                704
            ],
            [
                37,
                46
            ]
        ],
        [
            [
                590,
                718
            ],
            [
                54,
                57
            ]
        ],
        [
            [
                597,
                742
            ],
            [
                46,
                65
            ]
        ],
        [
            [
                590,
                738
            ],
            [
                56,
                73
            ]
        ],
        [
            [
                600,
                714
            ],
            [
                50,
                69
            ]
        ]
    ],