{
    "Times": [
        296,
        297,
        298,
        299,
        300,
        301,
        302,
        303,
        304,
        305,
        306,
        307,
        308,
        309,
        310
    ],
    "Particles_Position": [
        [
            160.3,
            415.0
        ],
        [
            160.7,
            407.8
        ],
        [
            159.9,
            390.1
        ],
        [
            147.6,
            404.5
        ],
        [
            155.0,
            399.6
        ],
        null,
        [
            160.4,
            388.6
        ],
        [
            156.0,
            404.4
        ],
        [
            150.4,
            398.7
        ],
        [
            149.4,
            394.8
        ],
        [
            149.1,
            404.5
        ],
        null,
        null,
        [
            159.4,
            401.0
        ],
        [
            172.6,
            413.7
        ]
    ],
    "Particles_Estimated_Position": [
        [
            160.3,
            415.0
        ],
        [
            160.7,
            407.8
        ],
        [
            159.9,
            390.1
        ],
        [
            147.6,
            404.5
        ],
        [
            155.0,
            399.6
        ],
        [
            157.7,
            394.1
        ],
        [
            160.4,
            388.6
        ],
        [
            156.0,
            404.4
        ],
        [
            150.4,
            398.7
        ],
        [
            149.4,
            394.8
        ],
        [
            149.1,
            404.5
        ],
        [
            152.53333333333333,
            403.3333333333333
        ],
        [
            155.96666666666667,
            402.1666666666667
        ],
        [
            159.4,
            401.0
        ],
        [
            172.6,
            413.7
        ]
    ],
    "Particles_Size": [
        104,
        87,
        358,
        311,
        268,
        null,
        270,
        98,
        561,
        249,
        43,
        null,
        null,
        100,
        40
    ],
    "Particles_Bbox": [
        [
            [
                129,
                385
            ],
            [
                63,
                57
            ]
        ],
        [
            [
                129,
                382
            ],
            [
                62,
                53
            ]
        ],
        [
            [
                90,
                333
            ],
            [
                136,
                112
            ]
        ],
        [
            [
                92,
                345
            ],
            [
                116,
                117
            ]
        ],
        [
            [
                111,
                349
            ],
            [
                93,
                96
            ]
        ],
        null,
        [
            [
                118,
                327
            ],
            [
                100,
                110
            ]
        ],
        [
            [
                133,
                370
            ],
            [
                47,
                65
            ]
        ],
        [
            [
                98,
                302
            ],
            [
                112,
                188
            ]
        ],
        [
            [
                103,
                343
            ],
            [
                101,
                93
            ]
        ],
        [
            [
                133,
                388
            ],
            [
                35,
                35
            ]
        ],
        null,
        null,
        [
            [
                140,
                370
            ],
            [
                45,
                70
            ]
        ],
        [
            [
                156,
                396
            ],
            [
                36,
                33
            ]
        ]
    ],
    "Particles_Max_Intensity": [
        [
            64
        ],
        [
            63
        ],
        [
            65
        ],
        [
            65
        ],
        [
            64
        ],
        null,
        [
            63
        ],
        [
            64
        ],
        [
            65
        ],
        [
            63
        ],
        [
            57
        ],
        null,
        null,
        [
            64
        ],
        [
            62
        ]
    ],
    "Track_ID": 123,
    "classification": "non-motile",
    "probability_motility": 0.39085244084136617
}