{
    "Times": [
        359,
        360,
        361,
        362,
        363,
        364,
        365,
        366,
        367,
        368,
        369,
        370,
        371,
        372,
        373,
        374,
        375,
        376,
        377,
        378,
        379,
        380,
        381,
        382,
        383,
        384,
        385,
        386
    ],
    "Particles_Position": [
        [
            291.5,
            75.4
        ],
        [
            290.1,
            57.1
        ],
        null,
        null,
        [
            290.8,
            74.6
        ],
        [
            292.7,
            71.5
        ],
        [
            295.3,
            50.1
        ],
        null,
        [
            294.9,
            57.4
        ],
        [
            294.0,
            59.1
        ],
        [
            295.6,
            73.4
        ],
        [
            297.4,
            52.3
        ],
        [
            273.3,
            78.8
        ],
        [
            263.3,
            76.2
        ],
        [
            268.2,
            71.2
        ],
        [
            265.4,
            64.7
        ],
        [
            292.5,
            76.6
        ],
        null,
        [
            316.1,
            48.1
        ],
        [
            304.5,
            59.4
        ],
        [
            292.2,
            79.5
        ],
        [
            298.0,
            74.3
        ],
        [
            291.2,
            59.4
        ],
        [
            287.8,
            54.2
        ],
        [
            290.4,
            78.2
        ],
        [
            312.1,
            49.6
        ],
        [
            316.7,
            50.6
        ],
        [
            327.1,
            55.2
        ]
    ],
    "Particles_Estimated_Position": [
        [
            291.5,
            75.4
        ],
        [
            290.1,
            57.1
        ],
        [
            290.33333333333337,
            62.93333333333333
        ],
        [
            290.56666666666666,
            68.76666666666667
        ],
        [
            290.8,
            74.6
        ],
        [
            292.7,
            71.5
        ],
        [
            295.3,
            50.1
        ],
        [
            295.1,
            53.75
        ],
        [
            294.9,
            57.4
        ],
        [
            294.0,
            59.1
        ],
        [
            295.6,
            73.4
        ],
        [
            297.4,
            52.3
        ],
        [
            273.3,
            78.8
        ],
        [
            263.3,
            76.2
        ],
        [
            268.2,
            71.2
        ],
        [
            265.4,
            64.7
        ],
        [
            292.5,
            76.6
        ],
        [
            304.3,
            62.349999999999994
        ],
        [
            316.1,
            48.1
        ],
        [
            304.5,
            59.4
        ],
        [
            292.2,
            79.5
        ],
        [
            298.0,
            74.3
        ],
        [
            291.2,
            59.4
        ],
        [
            287.8,
            54.2
        ],
        [
            290.4,
            78.2
        ],
        [
            312.1,
            49.6
        ],
        [
            316.7,
            50.6
        ],
        [
            327.1,
            55.2
        ]
    ],
    "Particles_Size": [
        361,
        1141,
        null,
        null,
        320,
        361,
        1112,
        null,
        1570,
        1265,
        336,
        1413,
        600,
        634,
        681,
        700,
        370,
        null,
        736,
        1354,
        399,
        424,
        1025,
        1306,
        379,
        759,
        743,
        1048
    ],
    "Particles_Bbox": [
        [
            [
                245,
                23
            ],
            [
                92,
                104
            ]
        ],
        [
            [
                165,
                0
            ],
            [
                254,
                132
            ]
        ],
        null,
        null,
        [
            [
                245,
                27
            ],
            [
                90,
                93
            ]
        ],
        [
            [
                241,
                18
            ],
            [
                108,
                102
            ]
        ],
        [
            [
                187,
                0
            ],
            [
                241,
                124
            ]
        ],
        null,
        [
            [
                181,
                0
            ],
            [
                259,
                153
            ]
        ],
        [
            [
                179,
                0
            ],
            [
                251,
                155
            ]
        ],
        [
            [
                252,
                30
            ],
            [
                97,
                87
            ]
        ],
        [
            [
                185,
                0
            ],
            [
                248,
                141
            ]
        ],
        [
            [
                184,
                16
            ],
            [
                166,
                116
            ]
        ],
        [
            [
                186,
                0
            ],
            [
                160,
                138
            ]
        ],
        [
            [
                182,
                0
            ],
            [
                173,
                132
            ]
        ],
        [
            [
                187,
                0
            ],
            [
                171,
                125
            ]
        ],
        [
            [
                239,
                36
            ],
            [
                105,
                85
            ]
        ],
        null,
        [
            [
                237,
                0
            ],
            [
                179,
                122
            ]
        ],
        [
            [
                182,
                0
            ],
            [
                244,
                144
            ]
        ],
        [
            [
                235,
                30
            ],
            [
                107,
                102
            ]
        ],
        [
            [
                242,
                29
            ],
            [
                117,
                92
            ]
        ],
        [
            [
                191,
                0
            ],
            [
                228,
                149
            ]
        ],
        [
            [
                178,
                0
            ],
            [
                247,
                138
            ]
        ],
        [
            [
                240,
                31
            ],
            [
                103,
                92
            ]
        ],
        [
            [
                243,
                0
            ],
            [
                168,
                126
            ]
        ],
        [
            [
                241,
                0
            ],
            [
                174,
                123
            ]
        ],
        [
            [
                238,
                0
            ],
            [
                190,
                135
            ]
        ]
    ],