{
    "Times": [
        365,
        366,
        367,
        368,
        369,
        370,
        371,
        372,
        373,
        374,
        375,
        376,
        377,
        378,
        379,
        380,
        381,
        382
    ],
    "Particles_Position": [
        [
            991.6,
            716.1
        ],
        [
            991.3,
            735.2
        ],
        [
            962.6,
            707.6
        ],
        null,
        null,
        [
            948.7,
            705.6
        ],
        [
            938.6,
            692.5
        ],
        [
            958.8,
            683.0
        ],
        [
            942.5,
            689.2
        ],
        [
            995.2,
            712.9
        ],
        null,
        null,
        null,
        null,
        [
            994.2,
            717.6
        ],
        [
            997.5,
            717.8
        ],
        [
            973.2,
            710.8
        ],
        [
            955.1,
            694.5
        ]
    ],
    "Particles_Estimated_Position": [
        [
            991.6,
            716.1
        ],
        [
            991.3,
            735.2
        ],
        [
            962.6,
            707.6
        ],
        [
            957.9666666666667,
            706.9333333333334
        ],
        [
            953.3333333333334,
            706.2666666666667
        ],
        [
            948.7,
            705.6
        ],
        [
            938.6,
            692.5
        ],
        [
            958.8,
            683.0
        ],
        [
            942.5,
            689.2
        ],
        [
            995.2,
            712.9
        ],
        [
            955.48,
            699.36
        ],
        [
            965.16,
            703.92
        ],
        [
            974.84,
            708.48
        ],
        [
            984.52,
            713.04
        ],
        [
            994.2,
            717.6
        ],
        [
            997.5,
            717.8
        ],
        [
            973.2,
            710.8
        ],
        [
            955.1,
            694.5
        ]
    ],
    "Particles_Size": [
        40,
        38,
        56,
        null,
        null,
        42,
        97,
        327,
        161,
        25,
        null,
        null,
        null,
        null,
        53,
        42,
        149,
        40
    ],
    "Particles_Bbox": [
        [
            [
                976,
                701
            ],
            [
                28,
                31
            ]
        ],
        [
            [
                977,
                721
            ],
            [
                31,
                30
            ]
        ],
        [
            [
                946,
                686
            ],
            [
                34,
                42
            ]
        ],
        null,
        null,
        [
            [
                935,
                690
            ],
            [
                28,
                31
            ]
        ],
        [
            [
                907,
                668
            ],
            [
                65,
                50
            ]
        ],
        [
            [
                911,
                603
            ],
            [
                99,
                154
            ]
        ],
        [
            [
                901,
                657
            ],
            [
                81,
                68
            ]
        ],
        [
            [
                981,
                701
            ],
            [
                26,
                27
            ]
        ],
        null,
        null,
        null,
        null,
        [
            [
                974,
                694
            ],
            [
                38,
                42
            ]
        ],
        [
            [
                982,
                700
            ],
            [
                34,
                34
            ]
        ],
        [
            [
                923,
                680
            ],
            [
                100,
                59
            ]
        ],
        [
            [
                938,
                679
            ],
            [
                39,
                32
            ]
        ]
    ],
    "Particles_Max_Intensity": [
        [
            59
        ],
        [
            56
        ],
        [
            68
        ],
        null,
        null,
        [
            68
        ],
        [
            68
        ],
        [
            67
        ],
        [
            67
        ],
        [
            58
        ],
        null,
        null,
        null,
        null,
        [
            58
        ],
        [
            58
        ],
        [
            67
        ],
        [
            66
        ]
    ],
    "Track_ID": 156,
    "classification": "non-motile",
    "probability_motility": 0.4076361102465715
}