{
    "Times": [
        383,
        384,
        385,
        386,
        387,
        388,
        389,
        390,
        391,
        392,
        393,
        394,
        395,
        396,
        397,
        398,
        399,
        400,
        401,
        402,
        403,
        404,
        405,
        406,
        407,
        408,
        409,
        410,
        411
    ],
    "Particles_Position": [
        [
            603.9,
            736.3
        ],
        [
            600.5,
            735.3
        ],
        [
            597.2,
            720.6
        ],
        null,
        [
            600.9,
            732.7
        ],
        [
            593.5,
            720.1
        ],
        [
            605.8,
            716.4
        ],
        [
            603.2,
            729.8
        ],
        [
            609.2,
            737.1
        ],
        [
            609.4,
            739.3
        ],
        null,
        null,
        [
            603.4,
            735.1
        ],
        [
            605.4,
            735.3
        ],
        null,
        null,
        null,
        null,
        null,
        null,
        null,
        null,
        null,
        [
            618.4,
            737.9
        ],
        [
            616.3,
            737.1
        ],
        [
            613.3,
            740.8
        ],
        null,
        [
            610.2,
            738.0
        ],
        [
            608.3,
            724.6
        ]
    ],
    "Particles_Estimated_Position": [
        [
            603.9,
            736.3
        ],
        [
            600.5,
            735.3
        ],
        [
            597.2,
            720.6
        ],
        [
            599.05,
            726.6500000000001
        ],
        [
            600.9,
            732.7
        ],
        [
            593.5,
            720.1
        ],
        [
            605.8,
            716.4
        ],
        [
            603.2,
            729.8
        ],
        [
            609.2,
            737.1
        ],
        [
            609.4,
            739.3
        ],
        [
            607.4,
            737.9
        ],
        [
            605.4,
            736.5
        ],
        [
            603.4,
            735.1
        ],
        [
            605.4,
            735.3
        ],
        [
            606.6999999999999,
            735.56
        ],
        [
            608.0,
            735.8199999999999
        ],
        [
            609.3,
            736.0799999999999
        ],
        [
            610.6,
            736.3399999999999
        ],
        [
            611.9,
            736.5999999999999
        ],
        [
            613.1999999999999,
            736.86
        ],
        [
            614.5,
            737.12
        ],
        [
            615.8,
            737.38
        ],
        [
            617.1,
            737.64
        ],
        [
            618.4,
            737.9
        ],
        [
            616.3,
            737.1
        ],
        [
            613.3,
            740.8
        ],
        [
            611.75,
            739.4
        ],
        [
            610.2,
            738.0
        ],
        [
            608.3,
            724.6
        ]
    ],
    "Particles_Size": [
        135,
        187,
        105,
        null,
        132,
        83,
        65,
        227,
        216,
        212,
        null,
        null,
        165,
        246,
        null,
        null,
        null,
        null,
        null,
        null,
        null,
        null,
        null,
        131,
        161,
        152,
        null,
        192,
        118
    ],
    "Particles_Bbox": [
        [
            [
                572,
                701
            ],
            [
                62,
                74
            ]
        ],
        [
            [
                567,
                692
            ],
            [
                64,
                85
            ]
        ],
        [
            [
                565,
                699
            ],
            [
                65,
                46
            ]
        ],
        null,
        [
            [
                569,
                695
            ],
            [
                54,
                82
            ]
        ],
        [
            [
                565,
                694
            ],
            [
                56,
                49
            ]
        ],
        [
            [
                579,
                691
            ],
            [
                49,
                44
            ]
        ],
        [
            [
                567,
                655
            ],
            [
                69,
                141
            ]
        ],
        [
            [
                572,
                697
            ],
            [
                78,
                89
            ]
        ],
        [
            [
                570,
                694
            ],
            [
                75,
                91
            ]
        ],
        null,
        null,
        [
            [
                574,
                692
            ],
            [
                64,
                89
            ]
        ],
        [
            [
                573,
                681
            ],
            [
                70,
                113
            ]
        ],
        null,
        null,
        null,
        null,
        null,
        null,
        null,
        null,
        null,
        [
            [
                585,
                703
            ],
            [
                68,
                71
            ]
        ],
        [
            [
                585,
                698
            ],
            [
                67,
                81
            ]
        ],
        [
            [
                586,
                701
            ],
            [
                65,
                81
            ]
        ],
        null,
        [
            [
                579,
                692
            ],
            [
                71,
                90
            ]
        ],
        [
            [
                578,
                689
            ],
            [
                60,
                69
            ]
        ]
    ],
    "Particles_Max_Intensity": [
        [
            59
        ],
        [
            59
        ],
        [
            60
        ],
        null,
        [
            60
        ],
        [
            59
        ],
        [
            59
        ],
        [
            60
        ],
        [
            60
        ],
        [
            60
        ],
        null,
        null,
        [
            60
        ],
        [
            59
        ],
        null,
        null,
        null,
        null,
        null,
        null,
        null,
        null,
        null,
        [
            59
        ],
        [
            59
        ],
        [
            59
        ],
        null,
        [
            60
        ],
        [
            60
        ]
    ],
    "Track_ID": 168,
    "classification": "non-motile",
    "probability_motility": 0.36182149133471736
}