{
    "Times": [
        411,
        412,
        413,
        414,
        415,
        416,
        417,
        418,
        419,
        420,
        421,
        422,
        423,
        424,
        425,
        426,
        427,
        428,
        429,
        430,
        431,
        432,
        433,
        434,
        435,
        436,
        437,
        438,
        439
    ],
    "Particles_Position": [
        [
            965.3,
            357.0
        ],
        [
            993.0,
            362.0
        ],
        null,
        null,
        [
            928.3,
            306.8
        ],
        [
            920.3,
            293.7
        ],
        [
            988.7,
            374.6
        ],
        [
            979.0,
            374.3
        ],
        [
            967.8,
            331.4
        ],
        [
            949.7,
            337.6
        ],
        [
            965.9,
            324.8
        ],
        [
            962.9,
            338.6
        ],
        [
            972.3,
            355.8
        ],
        [
            950.5,
            310.4
        ],
        [
            956.4,
            341.1
        ],
        [
            963.8,
            347.1
        ],
        [
            963.4,
            331.4
        ],
        [
            891.6,
            331.4
        ],
        [
            907.0,
            333.6
        ],
        [
            916.9,
            313.7
        ],
        null,
        [
            967.5,
            357.6
        ],
        [
            959.8,
            336.8
        ],
        [
            958.5,
            343.1
        ],
        [
            943.3,
            309.4
        ],
        [
            946.8,
            315.0
        ],
        [
            956.4,
            334.4
        ],
        [
            957.2,
            330.2
        ],
        [
            964.4,
            343.4
        ]
    ],
    "Particles_Estimated_Position": [
        [
            965.3,
            357.0
        ],
        [
            993.0,
            362.0
        ],
        [
            971.4333333333333,
            343.6
        ],
        [
            949.8666666666667,
            325.2
        ],
        [
            928.3,
            306.8
        ],
        [
            920.3,
            293.7
        ],
        [
            988.7,
            374.6
        ],
        [
            979.0,
            374.3
        ],
        [
            967.8,
            331.4
        ],
        [
            949.7,
            337.6
        ],
        [
            965.9,
            324.8
        ],
        [
            962.9,
            338.6
        ],
        [
            972.3,
            355.8
        ],
        [
            950.5,
            310.4
        ],
        [
            956.4,
            341.1
        ],
        [
            963.8,
            347.1
        ],
        [
            963.4,
            331.4
        ],
        [
            891.6,
            331.4
        ],
        [
            907.0,
            333.6
        ],
        [
            916.9,
            313.7
        ],
        [
            942.2,
            335.65
        ],
        [
            967.5,
            357.6
        ],
        [
            959.8,
            336.8
        ],
        [
            958.5,
            343.1
        ],
        [
            943.3,
            309.4
        ],
        [
            946.8,
            315.0
        ],
        [
            956.4,
            334.4
        ],
        [
            957.2,
            330.2
        ],
        [
            964.4,
            343.4
        ]
    ],
    "Particles_Size": [
        172,
        93,
        null,
        null,
        128,
        64,
        78,
        59,
        70,
        208,
        114,
        89,
        150,
        204,
        61,
        37,
        86,
        14,
        60,
        419,
        null,
        133,
        104,
        52,
        231,
        176,
        73,
        72,
        130
    ],