{
    "Times": [
        422,
        423,
        424,
        425,
        426,
        427,
        428,
        429,
        430,
        431,
        432,
        433,
        434,
        435,
        436,
        437,
        438,
        439,
        440
    ],
    "Particles_Position": [
        [
            252.7,
            477.6
        ],
        [
            251.4,
            470.8
        ],
        null,
        [
            248.8,
            466.3
        ],
        [
            249.6,
            468.4
        ],
        [
            241.9,
            478.8
        ],
        [
            245.4,
            465.1
        ],
        [
            254.8,
            475.5
        ],
        [
            248.3,
            465.7
        ],
        [
            253.4,
            469.0
        ],
        [
            253.5,
            477.6
        ],
        [
            251.7,
            471.7
        ],
        null,
        [
            251.1,
            471.7
        ],
        [
            249.3,
            479.0
        ],
        [
            247.3,
            473.8
        ],
        [
            253.4,
            477.1
        ],
        [
            254.3,
            479.1
        ],
        [
            249.6,
            465.9
        ]
    ],
    "Particles_Estimated_Position": [
        [
            252.7,
            477.6
        ],
        [
            251.4,
            470.8
        ],
        [
            250.10000000000002,
            468.55
        ],
        [
            248.8,
            466.3
        ],
        [
            249.6,
            468.4
        ],
        [
            241.9,
            478.8
        ],
        [
            245.4,
            465.1
        ],
        [
            254.8,
            475.5
        ],
        [
            248.3,
            465.7
        ],
        [
            253.4,
            469.0
        ],
        [
            253.5,
            477.6
        ],
        [
            251.7,
            471.7
        ],
        [
            251.39999999999998,
            471.7
        ],
        [
            251.1,
            471.7
        ],
        [
            249.3,
            479.0
        ],
        [
            247.3,
            473.8
        ],
        [
            253.4,
            477.1
        ],
        [
            254.3,
            479.1
        ],
        [
            249.6,
            465.9
        ]
    ],
    "Particles_Size": [
        48,
        59,
        null,
        43,
        71,
        56,
        51,
        99,
        63,
        232,
        110,
        86,
        null,
        142,
        67,
        60,
        111,
        108,
        58
    ],
    "Particles_Bbox": [
        [
            [
                231,
                459
            ],
            [
                38,
                38
            ]
        ],
        [
            [
                229,
                447
            ],
            [
                40,
                42
            ]
        ],
        null,
        [
            [
                232,
                450
            ],
            [
                34,
                32
            ]
        ],
        [
            [
                228,
                444
            ],
            [
                44,
                47
            ]
        ],
        [
            [
                221,
                457
            ],
            [
                43,
                39
            ]
        ],
        [
            [
                228,
                447
            ],
            [
                33,
                40
            ]
        ],
        [
            [
                231,
                446
            ],
            [
                52,
                60
            ]
        ],
        [
            [
                224,
                442
            ],
            [
                48,
                48
            ]
        ],
        [
            [
                205,
                424
            ],
            [
                97,
                91
            ]
        ],
        [
            [
                224,
                449
            ],
            [
                59,
                59
            ]
        ],
        [
            [
                229,
                441
            ],
            [
                44,
                63
            ]
        ],
        null,
        [
            [
                224,
                438
            ],
            [
                62,
                66
            ]
        ],
        [
            [
                224,
                457
            ],
            [
                45,
                46
            ]
        ],
        [
            [
                232,
                454
            ],
            [
                37,
                38
            ]
        ],
        [
            [
                225,
                444
            ],
            [
                60,
                66
            ]
        ],
        [
            [
                225,
                449
            ],
            [
                57,
                60
            ]
        ],
        [
            [
                228,
                446
            ],
            [
                40,
                45
            ]
        ]
    ],
    "Particles_Max_Intensity": [
        [
            65
        ],
        [
            64
        ],
        null,
        [
            65
        ],
        [
            64
        ],
        [
            64
        ],
        [
            64
        ],
        [
            65
        ],
        [
            64
        ],
        [
            63
        ],
        [
            64
        ],
        [
            65
        ],
        null,
        [
            64
        ],
        [
            64
        ],
        [
            65
        ],
        [
            65
        ],
        [
            65
        ],
        [
            64
        ]
    ],
    "Track_ID": 186,
    "classification": "non-motile",
    "probability_motility": 0.3434460778351985
}