{
    "Times": [
        228,
        229,
        230,
        231,
        232,
        233,
        234,
        235,
        236,
        237,
        238,
        239,
        240,
        241,
        242,
        243,
        244,
        245,
        246,
        247,
        248,
        249,
        250
    ],
    "Particles_Position": [
        [
            55.7,
            58.0
        ],
        [
            59.3,
            47.2
        ],
        [
            69.6,
            21.1
        ],
        [
            65.4,
            27.6
        ],
        [
            62.1,
            37.5
        ],
        [
            74.7,
            14.6
        ],
        [
            77.6,
            7.3
        ],
        [
            81.9,
            1.9
        ],
        null,
        null,
        null,
        null,
        null,
        null,
        null,
        null,
        [
            101.1,
            1.4
        ],
        [
            109.2,
            1.1
        ],
        [
            108.8,
            1.0
        ],
        [
            111.6,
            1.8
        ],
        [
            112.0,
            4.0
        ],
        [
            132.6,
            1.0
        ],
        [
            122.4,
            3.7
        ]
    ],
    "Particles_Estimated_Position": [
        [
            55.7,
            58.0
        ],
        [
            59.3,
            47.2
        ],
        [
            69.6,
            21.1
        ],
        [
            65.4,
            27.6
        ],
        [
            62.1,
            37.5
        ],
        [
            74.7,
            14.6
        ],
        [
            77.6,
            7.3
        ],
        [
            81.9,
            1.9
        ],
        [
            84.03333333333333,
            1.8444444444444443
        ],
        [
            86.16666666666667,
            1.7888888888888888
        ],
        [
            88.3,
            1.7333333333333332
        ],
        [
            90.43333333333334,
            1.6777777777777776
        ],
        [
            92.56666666666666,
            1.6222222222222222
        ],
        [
            94.7,
            1.5666666666666667
        ],
        [
            96.83333333333333,
            1.511111111111111
        ],
        [
            98.96666666666667,
            1.4555555555555555
        ],
        [
            101.1,
            1.4
        ],
        [
            109.2,
            1.1
        ],
        [
            108.8,
            1.0
        ],
        [
            111.6,
            1.8
        ],
        [
            112.0,
            4.0
        ],
        [
            132.6,
            1.0
        ],
        [
            122.4,
            3.7
        ]
    ],
    "Particles_Size": [
        14,
        14,
        14,
        7,
        11,
        15,
        10,
        10,
        null,
        null,
        null,
        null,
        null,
        null,
        null,
        null,
        34,
        52,
        9,
        45,
        104,
        49,
        96
    ],
    "Particles_Bbox": [
        [
            [
                50,
                51
            ],
            [
                8,
                11
            ]
        ],
        [
            [
                56,
                42
            ],
            [
                7,
                10
            ]
        ],
        [
            [
                66,
                13
            ],
            [
                6,
                15
            ]
        ],
        [
            [
                62,
                20
            ],
            [
                6,
                13
            ]
        ],
        [
            [
                59,
                30
            ],
            [
                5,
                12
            ]
        ],
        [
            [
                70,
                5
            ],
            [
                7,
                15
            ]
        ],
        [
            [
                75,
                0
            ],
            [
                4,
                13
            ]
        ],
        [
            [
                80,
                0
            ],
            [
                4,
                4
            ]
        ],
        null,
        null,
        null,
        null,
        null,
        null,
        null,
        null,
        [
            [
                86,
                0
            ],
            [
                24,
                5
            ]
        ],
        [
            [
                80,
                0
            ],
            [
                50,
                4
            ]
        ],
        [
            [
                91,
                0
            ],
            [
                24,
                5
            ]
        ],
        [
            [
                79,
                0
            ],
            [
                54,
                8
            ]
        ],
        [
            [
                95,
                0
            ],
            [
                46,
                14
            ]
        ],
        [
            [
                122,
                0
            ],
            [
                20,
                3
            ]
        ],
        [
            [
                98,
                0
            ],
            [
                50,
                8
            ]
        ]
    ],
    "Particles_Max_Intensity": [
        [
            99
        ],
        [
            101
        ],
        [
            101
        ],
        [
            97
        ],
        [
            91
        ],
        [
            90
        ],
        [
            85
        ],
        [
            92
        ],
        null,
        null,
        null,
        null,
        null,
        null,
        null,
        null,
        [
            100
        ],
        [
            105
        ],
        [
            103
        ],
        [
            103
        ],
        [
            110
        ],
        [
            116
        ],
        [
            108
        ]
    ],
    "Track_ID": 30,
    "classification": "motile",
    "probability_motility": 0.5390104045620475
}