{
  "science_utility_estimate": 0.43095984260018483,
  "priority_bin": 2,
  "metadata": {
    "bbox_area_min_pc10.0": 0.0008888888888888888,
    "bbox_area_min_pc50.0": 0.005333333333333333,
    "bbox_area_min_pc90.0": 0.026000000000000037,
    "disp_e2e_norm_pc10.0": 0.00035048231544996503,
    "disp_e2e_norm_pc50.0": 0.0015622426493100956,
    "disp_e2e_norm_pc90.0": 0.056604695448484454,
    "speed_mean_pc10.0": 0.005392061745000075,
    "speed_mean_pc50.0": 0.021025700023112163,
    "speed_mean_pc90.0": 0.05330514316400805
  }
}