{
  "science_utility_estimate": 0.4979835987128774,
  "priority_bin": 2,
  "metadata": {
    "bbox_area_min_pc10.0": 0.0006666666666666666,
    "bbox_area_min_pc50.0": 0.004333333333333333,
    "bbox_area_min_pc90.0": 0.026533333333333332,
    "disp_e2e_norm_pc10.0": 0.00040610124221509045,
    "disp_e2e_norm_pc50.0": 0.0050190747265916515,
    "disp_e2e_norm_pc90.0": 0.051151284536331595,
    "speed_mean_pc10.0": 0.006904159503382919,
    "speed_mean_pc50.0": 0.026050325407879615,
    "speed_mean_pc90.0": 0.0569850270315855
  }
}