{
    "Times": [
        16,
        17,
        18,
        19,
        20,
        21,
        22,
        23,
        24,
        25,
        26,
        27,
        28,
        29,
        30
    ],
    "Particles_Position": [
        [
            506.3,
            30.1
        ],
        [
            517.5,
            6.6
        ],
        [
            533.6,
            9.7
        ],
        [
            559.9,
            21.3
        ],
        [
            557.8,
            12.4
        ],
        [
            537.2,
            25.9
        ],
        [
            538.5,
            23.1
        ],
        [
            547.7,
            3.4
        ],
        [
            542.1,
            9.9
        ],
        null,
        null,
        null,
        [
            545.2,
            4.9
        ],
        [
            550.6,
            26.2
        ],
        [
            545.2,
            27.1
        ]
    ],
    "Particles_Estimated_Position": [
        [
            506.3,
            30.1
        ],
        [
            517.5,
            6.6
        ],
        [
            533.6,
            9.7
        ],
        [
            559.9,
            21.3
        ],
        [
            557.8,
            12.4
        ],
        [
            537.2,
            25.9
        ],
        [
            538.5,
            23.1
        ],
        [
            547.7,
            3.4
        ],
        [
            542.1,
            9.9
        ],
        [
            542.875,
            8.65
        ],
        [
            543.6500000000001,
            7.4
        ],
        [
            544.4250000000001,
            6.15
        ],
        [
            545.2,
            4.9
        ],
        [
            550.6,
            26.2
        ],
        [
            545.2,
            27.1
        ]
    ],
    "Particles_Size": [
        9,
        11,
        29,
        22,
        8,
        39,
        30,
        9,
        14,
        null,
        null,
        null,
        9,
        10,
        36
    ],
    "Particles_Bbox": [
        [
            [
                496,
                13
            ],
            [
                24,
                33
            ]
        ],
        [
            [
                496,
                0
            ],
            [
                40,
                18
            ]
        ],
        [
            [
                512,
                1
            ],
            [
                53,
                22
            ]
        ],
        [
            [
                529,
                6
            ],
            [
                47,
                25
            ]
        ],
        [
            [
                549,
                2
            ],
            [
                13,
                17
            ]
        ],
        [
            [
                485,
                8
            ],
            [
                97,
                27
            ]
        ],
        [
            [
                496,
                13
            ],
            [
                81,
                23
            ]
        ],
        [
            [
                530,
                1
            ],
            [
                32,
                5
            ]
        ],
        [
            [
                516,
                0
            ],
            [
                45,
                21
            ]
        ],
        null,
        null,
        null,
        [
            [
                524,
                0
            ],
            [
                35,
                10
            ]
        ],
        [
            [
                535,
                19
            ],
            [
                37,
                14
            ]
        ],
        [
            [
                494,
                13
            ],
            [
                100,
                31
            ]
        ]
    ],
    "Particles_Max_Intensity": [
        [
            128
        ],
        [
            132
        ],
        [
            120
        ],
        [
            121
        ],
        [
            111
        ],
        [
            128
        ],
        [
            143
        ],
        [
            94
        ],
        [
            120
        ],
        null,
        null,
        null,
        [
            100
        ],
        [
            122
        ],
        [
            130
        ]
    ],
    "Track_ID": 16,
    "classification": "motile",
    "probability_motility": 0.5832847462170941
}