{
    "Times": [
        107,
        108,
        109,
        110,
        111,
        112,
        113,
        114,
        115,
        116,
        117,
        118,
        119,
        120,
        121,
        122,
        123,
        124,
        125,
        126,
        127
    ],
    "Particles_Position": [
        [
            542.4,
            577.2
        ],
        [
            541.9,
            577.5
        ],
        [
            532.2,
            576.7
        ],
        [
            542.3,
            577.6
        ],
        null,
        [
            541.2,
            577.2
        ],
        [
            541.4,
            576.9
        ],
        [
            539.9,
            577.6
        ],
        [
            542.4,
            577.3
        ],
        null,
        [
            541.8,
            577.0
        ],
        [
            541.1,
            576.8
        ],
        [
            541.5,
            576.9
        ],
        [
            541.6,
            576.0
        ],
        [
            541.2,
            576.3
        ],
        [
            540.8,
            575.6
        ],
        [
            540.7,
            576.3
        ],
        [
            541.0,
            575.9
        ],
        [
            541.3,
            577.0
        ],
        [
            541.8,
            577.4
        ],
        [
            541.2,
            576.7
        ]
    ],
    "Particles_Estimated_Position": [
        [
            542.4,
            577.2
        ],
        [
            541.9,
            577.5
        ],
        [
            532.2,
            576.7
        ],
        [
            542.3,
            577.6
        ],
        [
            541.75,
            577.4000000000001
        ],
        [
            541.2,
            577.2
        ],
        [
            541.4,
            576.9
        ],
        [
            539.9,
            577.6
        ],
        [
            542.4,
            577.3
        ],
        [
            542.0999999999999,
            577.15
        ],
        [
            541.8,
            577.0
        ],
        [
            541.1,
            576.8
        ],
        [
            541.5,
            576.9
        ],
        [
            541.6,
            576.0
        ],
        [
            541.2,
            576.3
        ],
        [
            540.8,
            575.6
        ],
        [
            540.7,
            576.3
        ],
        [
            541.0,
            575.9
        ],
        [
            541.3,
            577.0
        ],
        [
            541.8,
            577.4
        ],
        [
            541.2,
            576.7
        ]
    ],
    "Particles_Size": [
        14,
        10,
        27,
        9,
        null,
        13,
        11,
        14,
        15,
        null,
        9,
        9,
        10,
        10,
        12,
        9,
        9,
        13,
        15,
        11,
        13
    ],
    "Particles_Bbox": [
        [
            [
                540,
                575
            ],
            [
                7,
                4
            ]
        ],
        [
            [
                540,
                576
            ],
            [
                3,
                3
            ]
        ],
        [
            [
                511,
                559
            ],
            [
                36,
                30
            ]
        ],
        [
            [
                541,
                576
            ],
            [
                2,
                3
            ]
        ],
        null,
        [
            [
                540,
                575
            ],
            [
                3,
                5
            ]
        ],
        [
            [
                539,
                575
            ],
            [
                7,
                5
            ]
        ],
        [
            [
                523,
                575
            ],
            [
                23,
                14
            ]
        ],
        [
            [
                540,
                575
            ],
            [
                6,
                4
            ]
        ],
        null,
        [
            [
                540,
                575
            ],
            [
                3,
                5
            ]
        ],
        [
            [
                538,
                575
            ],
            [
                5,
                4
            ]
        ],
        [
            [
                538,
                575
            ],
            [
                5,
                4
            ]
        ],
        [
            [
                539,
                572
            ],
            [
                5,
                7
            ]
        ],
        [
            [
                540,
                575
            ],
            [
                3,
                3
            ]
        ],
        [
            [
                538,
                572
            ],
            [
                6,
                7
            ]
        ],
        [
            [
                538,
                575
            ],
            [
                5,
                4
            ]
        ],
        [
            [
                538,
                574
            ],
            [
                7,
                5
            ]
        ],
        [
            [
                539,
                575
            ],
            [
                6,
                5
            ]
        ],
        [
            [
                540,
                576
            ],
            [
                5,
                3
            ]
        ],
        [
            [
                539,
                572
            ],
            [
                4,
                8
            ]
        ]
    ],
    "Particles_Max_Intensity": [
        [
            109
        ],
        [
            98
        ],
        [
            146
        ],
        [
            99
        ],
        null,
        [
            102
        ],
        [
            113
        ],
        [
            134
        ],
        [
            115
        ],
        null,
        [
            103
        ],
        [
            103
        ],
        [
            102
        ],
        [
            121
        ],
        [
            102
        ],
        [
            122
        ],
        [
            103
        ],
        [
            116
        ],
        [
            115
        ],
        [
            118
        ],
        [
            121
        ]
    ],
    "Track_ID": 56,
    "classification": "non-motile",
    "probability_motility": 0.278765285170852
}