{
    "Times": [
        161,
        162,
        163,
        164,
        165,
        166,
        167,
        168,
        169,
        170,
        171,
        172,
        173,
        174,
        175,
        176,
        177
    ],
    "Particles_Position": [
        [
            591.3,
            997.6
        ],
        [
            589.2,
            993.5
        ],
        null,
        null,
        null,
        null,
        [
            592.0,
            998.4
        ],
        [
            592.3,
            997.1
        ],
        [
            591.4,
            996.4
        ],
        [
            592.4,
            997.5
        ],
        null,
        [
            588.6,
            993.8
        ],
        [
            591.5,
            995.1
        ],
        null,
        null,
        [
            592.0,
            997.0
        ],
        [
            592.2,
            1001.4
        ]
    ],
    "Particles_Estimated_Position": [
        [
            591.3,
            997.6
        ],
        [
            589.2,
            993.5
        ],
        [
            589.76,
            994.48
        ],
        [
            590.32,
            995.46
        ],
        [
            590.88,
            996.4399999999999
        ],
        [
            591.44,
            997.42
        ],
        [
            592.0,
            998.4
        ],
        [
            592.3,
            997.1
        ],
        [
            591.4,
            996.4
        ],
        [
            592.4,
            997.5
        ],
        [
            590.5,
            995.65
        ],
        [
            588.6,
            993.8
        ],
        [
            591.5,
            995.1
        ],
        [
            591.6666666666666,
            995.7333333333333
        ],
        [
            591.8333333333334,
            996.3666666666667
        ],
        [
            592.0,
            997.0
        ],
        [
            592.2,
            1001.4
        ]
    ],
    "Particles_Size": [
        35,
        30,
        null,
        null,
        null,
        null,
        28,
        27,
        39,
        25,
        null,
        34,
        34,
        null,
        null,
        21,
        19
    ],
    "Particles_Bbox": [
        [
            [
                582,
                985
            ],
            [
                20,
                29
            ]
        ],
        [
            [
                581,
                983
            ],
            [
                24,
                23
            ]
        ],
        null,
        null,
        null,
        null,
        [
            [
                583,
                986
            ],
            [
                19,
                23
            ]
        ],
        [
            [
                582,
                985
            ],
            [
                22,
                25
            ]
        ],
        [
            [
                582,
                981
            ],
            [
                22,
                39
            ]
        ],
        [
            [
                582,
                985
            ],
            [
                23,
                35
            ]
        ],
        null,
        [
            [
                582,
                979
            ],
            [
                23,
                30
            ]
        ],
        [
            [
                582,
                984
            ],
            [
                26,
                23
            ]
        ],
        null,
        null,
        [
            [
                584,
                986
            ],
            [
                17,
                24
            ]
        ],
        [
            [
                583,
                986
            ],
            [
                22,
                34
            ]
        ]
    ],
    "Particles_Max_Intensity": [
        [
            150
        ],
        [
            147
        ],
        null,
        null,
        null,
        null,
        [
            148
        ],
        [
            148
        ],
        [
            148
        ],
        [
            149
        ],
        null,
        [
            149
        ],
        [
            153
        ],
        null,
        null,
        [
            154
        ],
        [
            153
        ]
    ],
    "Track_ID": 69,
    "classification": "non-motile",
    "probability_motility": 0.2994821219721407
}