{
    "Times": [
        141,
        142,
        143,
        144,
        145,
        146,
        147,
        148,
        149,
        150,
        151,
        152,
        153,
        154,
        155,
        156,
        157,
        158,
        159
    ],
    "Particles_Position": [
        [
            705.2,
            631.7
        ],
        [
            707.4,
            627.4
        ],
        null,
        null,
        [
            706.4,
            630.9
        ],
        [
            710.6,
            629.1
        ],
        [
            706.4,
            628.1
        ],
        [
            710.4,
            634.9
        ],
        null,
        null,
        null,
        null,
        null,
        [
            694.5,
            617.0
        ],
        [
            695.1,
            616.7
        ],
        [
            713.4,
            633.5
        ],
        [
            713.6,
            634.5
        ],
        [
            714.2,
            633.9
        ],
        [
            711.8,
            631.2
        ]
    ],
    "Particles_Estimated_Position": [
        [
            705.2,
            631.7
        ],
        [
            707.4,
            627.4
        ],
        [
            707.0666666666666,
            628.5666666666666
        ],
        [
            706.7333333333333,
            629.7333333333333
        ],
        [
            706.4,
            630.9
        ],
        [
            710.6,
            629.1
        ],
        [
            706.4,
            628.1
        ],
        [
            710.4,
            634.9
        ],
        [
            707.75,
            631.9166666666666
        ],
        [
            705.1,
            628.9333333333333
        ],
        [
            702.45,
            625.95
        ],
        [
            699.8,
            622.9666666666667
        ],
        [
            697.15,
            619.9833333333333
        ],
        [
            694.5,
            617.0
        ],
        [
            695.1,
            616.7
        ],
        [
            713.4,
            633.5
        ],
        [
            713.6,
            634.5
        ],
        [
            714.2,
            633.9
        ],
        [
            711.8,
            631.2
        ]
    ],
    "Particles_Size": [
        12,
        17,
        null,
        null,
        30,
        17,
        29,
        21,
        null,
        null,
        null,
        null,
        null,
        8,
        9,
        10,
        13,
        10,
        12
    ],
    "Particles_Bbox": [
        [
            [
                692,
                621
            ],
            [
                23,
                21
            ]
        ],
        [
            [
                691,
                607
            ],
            [
                25,
                35
            ]
        ],
        null,
        null,
        [
            [
                691,
                617
            ],
            [
                25,
                39
            ]
        ],
        [
            [
                695,
                616
            ],
            [
                21,
                26
            ]
        ],
        [
            [
                688,
                616
            ],
            [
                34,
                26
            ]
        ],
        [
            [
                694,
                622
            ],
            [
                27,
                37
            ]
        ],
        null,
        null,
        null,
        null,
        null,
        [
            [
                693,
                616
            ],
            [
                3,
                2
            ]
        ],
        [
            [
                694,
                615
            ],
            [
                2,
                3
            ]
        ],
        [
            [
                710,
                630
            ],
            [
                5,
                7
            ]
        ],
        [
            [
                709,
                630
            ],
            [
                9,
                8
            ]
        ],
        [
            [
                709,
                630
            ],
            [
                8,
                12
            ]
        ],
        [
            [
                696,
                617
            ],
            [
                21,
                21
            ]
        ]
    ],
    "Particles_Max_Intensity": [
        [
            129
        ],
        [
            134
        ],
        null,
        null,
        [
            133
        ],
        [
            136
        ],
        [
            143
        ],
        [
            139
        ],
        null,
        null,
        null,
        null,
        null,
        [
            48
        ],
        [
            57
        ],
        [
            112
        ],
        [
            132
        ],
        [
            144
        ],
        [
            130
        ]
    ],
    "Track_ID": 63,
    "classification": "non-motile",
    "probability_motility": 0.3439761031759596
}