{
    "Times": [
        150,
        151,
        152,
        153,
        154,
        155,
        156,
        157,
        158,
        159,
        160,
        161,
        162,
        163,
        164,
        165,
        166,
        167,
        168,
        169,
        170,
        171,
        172,
        173,
        174,
        175
    ],
    "Particles_Position": [
        [
            226.0,
            326.1
        ],
        [
            228.5,
            323.1
        ],
        [
            226.9,
            324.2
        ],
        [
            226.8,
            324.5
        ],
        [
            228.0,
            324.0
        ],
        [
            227.5,
            323.9
        ],
        [
            227.7,
            323.1
        ],
        null,
        [
            225.8,
            323.9
        ],
        [
            227.5,
            322.5
        ],
        [
            224.8,
            326.7
        ],
        [
            225.9,
            327.2
        ],
        null,
        null,
        null,
        [
            226.7,
            327.4
        ],
        [
            227.2,
            325.1
        ],
        null,
        null,
        null,
        [
            226.5,
            325.4
        ],
        [
            226.1,
            325.9
        ],
        null,
        null,
        [
            226.3,
            326.9
        ],
        [
            225.4,
            323.9
        ]
    ],
    "Particles_Estimated_Position": [
        [
            226.0,
            326.1
        ],
        [
            228.5,
            323.1
        ],
        [
            226.9,
            324.2
        ],
        [
            226.8,
            324.5
        ],
        [
            228.0,
            324.0
        ],
        [
            227.5,
            323.9
        ],
        [
            227.7,
            323.1
        ],
        [
            226.75,
            323.5
        ],
        [
            225.8,
            323.9
        ],
        [
            227.5,
            322.5
        ],
        [
            224.8,
            326.7
        ],
        [
            225.9,
            327.2
        ],
        [
            226.1,
            327.25
        ],
        [
            226.3,
            327.29999999999995
        ],
        [
            226.5,
            327.34999999999997
        ],
        [
            226.7,
            327.4
        ],
        [
            227.2,
            325.1
        ],
        [
            227.02499999999998,
            325.175
        ],
        [
            226.85,
            325.25
        ],
        [
            226.675,
            325.325
        ],
        [
            226.5,
            325.4
        ],
        [
            226.1,
            325.9
        ],
        [
            226.16666666666666,
            326.2333333333333
        ],
        [
            226.23333333333335,
            326.56666666666666
        ],
        [
            226.3,
            326.9
        ],
        [
            225.4,
            323.9
        ]
    ],
    "Particles_Size": [
        11,
        11,
        16,
        13,
        10,
        11,
        12,
        null,
        17,
        11,
        12,
        13,
        null,
        null,
        null,
        11,
        11,
        null,
        null,
        null,
        11,
        13,
        null,
        null,
        16,
        16
    ],
    "Particles_Bbox": [
        [
            [
                220,
                322
            ],
            [
                9,
                8
            ]
        ],
        [
            [
                224,
                319
            ],
            [
                7,
                11
            ]
        ],
        [
            [
                219,
                319
            ],
            [
                12,
                11
            ]
        ],
        [
            [
                220,
                319
            ],
            [
                10,
                11
            ]
        ],
        [
            [
                224,
                319
            ],
            [
                7,
                11
            ]
        ],
        [
            [
                224,
                319
            ],
            [
                6,
                11
            ]
        ],
        [
            [
                224,
                316
            ],
            [
                12,
                14
            ]
        ],
        null,
        [
            [
                220,
                316
            ],
            [
                16,
                15
            ]
        ],
        [
            [
                220,
                316
            ],
            [
                16,
                15
            ]
        ],
        [
            [
                220,
                319
            ],
            [
                11,
                15
            ]
        ],
        [
            [
                220,
                319
            ],
            [
                11,
                15
            ]
        ],
        null,
        null,
        null,
        [
            [
                220,
                319
            ],
            [
                10,
                12
            ]
        ],
        [
            [
                224,
                319
            ],
            [
                6,
                12
            ]
        ],
        null,
        null,
        null,
        [
            [
                220,
                319
            ],
            [
                15,
                12
            ]
        ],
        [
            [
                220,
                323
            ],
            [
                14,
                8
            ]
        ],
        null,
        null,
        [
            [
                219,
                319
            ],
            [
                14,
                23
            ]
        ],
        [
            [
                210,
                304
            ],
            [
                22,
                30
            ]
        ]
    ],
    "Particles_Max_Intensity": [
        [
            117
        ],
        [
            102
        ],
        [
            112
        ],
        [
            113
        ],
        [
            105
        ],
        [
            104
        ],
        [
            111
        ],
        null,
        [
            117
        ],
        [
            117
        ],
        [
            117
        ],
        [
            117
        ],
        null,
        null,
        null,
        [
            117
        ],
        [
            101
        ],
        null,
        null,
        null,
        [
            119
        ],
        [
            118
        ],
        null,
        null,
        [
            117
        ],
        [
            122
        ]
    ],
    "Track_ID": 65,
    "classification": "non-motile",
    "probability_motility": 0.4367738154254038
}