{
    "Times": [
        125,
        126,
        127,
        128,
        129,
        130,
        131,
        132,
        133,
        134,
        135,
        136,
        137
    ],
    "Particles_Position": [
        [
            596.7,
            123.8
        ],
        [
            597.8,
            124.6
        ],
        [
            595.2,
            125.8
        ],
        null,
        null,
        [
            602.6,
            125.4
        ],
        [
            601.6,
            125.4
        ],
        [
            604.7,
            124.6
        ],
        [
            604.1,
            127.1
        ],
        [
            602.2,
            131.0
        ],
        [
            599.7,
            128.2
        ],
        [
            597.9,
            124.3
        ],
        [
            595.0,
            125.7
        ]
    ],
    "Particles_Estimated_Position": [
        [
            596.7,
            123.8
        ],
        [
            597.8,
            124.6
        ],
        [
            595.2,
            125.8
        ],
        [
            597.6666666666667,
            125.66666666666667
        ],
        [
            600.1333333333333,
            125.53333333333333
        ],
        [
            602.6,
            125.4
        ],
        [
            601.6,
            125.4
        ],
        [
            604.7,
            124.6
        ],
        [
            604.1,
            127.1
        ],
        [
            602.2,
            131.0
        ],
        [
            599.7,
            128.2
        ],
        [
            597.9,
            124.3
        ],
        [
            595.0,
            125.7
        ]
    ],
    "Particles_Size": [
        19,
        12,
        25,
        null,
        null,
        16,
        22,
        21,
        23,
        22,
        17,
        18,
        15
    ],
    "Particles_Bbox": [
        [
            [
                579,
                115
            ],
            [
                28,
                20
            ]
        ],
        [
            [
                588,
                119
            ],
            [
                17,
                16
            ]
        ],
        [
            [
                584,
                115
            ],
            [
                25,
                35
            ]
        ],
        null,
        null,
        [
            [
                592,
                116
            ],
            [
                23,
                24
            ]
        ],
        [
            [
                584,
                116
            ],
            [
                31,
                23
            ]
        ],
        [
            [
                589,
                116
            ],
            [
                29,
                28
            ]
        ],
        [
            [
                583,
                115
            ],
            [
                34,
                34
            ]
        ],
        [
            [
                589,
                116
            ],
            [
                25,
                38
            ]
        ],
        [
            [
                592,
                116
            ],
            [
                19,
                19
            ]
        ],
        [
            [
                587,
                116
            ],
            [
                24,
                19
            ]
        ],
        [
            [
                581,
                116
            ],
            [
                22,
                21
            ]
        ]
    ],
    "Particles_Max_Intensity": [
        [
            108
        ],
        [
            103
        ],
        [
            109
        ],
        null,
        null,
        [
            107
        ],
        [
            107
        ],
        [
            107
        ],
        [
            109
        ],
        [
            109
        ],
        [
            107
        ],
        [
            106
        ],
        [
            107
        ]
    ],
    "Track_ID": 61,
    "classification": "non-motile",
    "probability_motility": 0.38866167803445417
}