{
    "Times": [
        163,
        164,
        165,
        166,
        167,
        168,
        169,
        170,
        171,
        172,
        173,
        174,
        175,
        176,
        177,
        178,
        179,
        180,
        181,
        182,
        183,
        184,
        185,
        186,
        187,
        188,
        189,
        190,
        191
    ],
    "Particles_Position": [
        [
            990.1,
            842.8
        ],
        [
            990.2,
            842.6
        ],
        [
            988.3,
            843.3
        ],
        [
            990.5,
            841.1
        ],
        [
            989.2,
            841.6
        ],
        [
            989.2,
            842.8
        ],
        [
            989.4,
            840.9
        ],
        [
            989.0,
            841.9
        ],
        [
            989.3,
            841.8
        ],
        [
            988.9,
            841.6
        ],
        null,
        [
            988.1,
            842.1
        ],
        [
            989.1,
            839.6
        ],
        null,
        null,
        [
            990.2,
            842.4
        ],
        [
            988.7,
            842.7
        ],
        [
            990.5,
            843.1
        ],
        null,
        null,
        null,
        null,
        null,
        null,
        null,
        null,
        null,
        [
            989.2,
            841.6
        ],
        [
            990.9,
            838.9
        ]
    ],
    "Particles_Estimated_Position": [
        [
            990.1,
            842.8
        ],
        [
            990.2,
            842.6
        ],
        [
            988.3,
            843.3
        ],
        [
            990.5,
            841.1
        ],
        [
            989.2,
            841.6
        ],
        [
            989.2,
            842.8
        ],
        [
            989.4,
            840.9
        ],
        [
            989.0,
            841.9
        ],
        [
            989.3,
            841.8
        ],
        [
            988.9,
            841.6
        ],
        [
            988.5,
            841.85
        ],
        [
            988.1,
            842.1
        ],
        [
            989.1,
            839.6
        ],
        [
            989.4666666666667,
            840.5333333333333
        ],
        [
            989.8333333333334,
            841.4666666666667
        ],
        [
            990.2,
            842.4
        ],
        [
            988.7,
            842.7
        ],
        [
            990.5,
            843.1
        ],
        [
            990.37,
            842.95
        ],
        [
            990.24,
            842.8000000000001
        ],
        [
            990.11,
            842.65
        ],
        [
            989.98,
            842.5
        ],
        [
            989.85,
            842.35
        ],
        [
            989.72,
            842.2
        ],
        [
            989.59,
            842.0500000000001
        ],
        [
            989.46,
            841.9
        ],
        [
            989.33,
            841.75
        ],
        [
            989.2,
            841.6
        ],
        [
            990.9,
            838.9
        ]
    ],
    "Particles_Size": [
        12,
        11,
        10,
        11,
        13,
        13,
        11,
        10,
        10,
        10,
        null,
        16,
        22,
        null,
        null,
        12,
        15,
        12,
        null,
        null,
        null,
        null,
        null,
        null,
        null,
        null,
        null,
        14,
        13
    ],
    "Particles_Bbox": [
        [
            [
                986,
                831
            ],
            [
                11,
                16
            ]
        ],
        [
            [
                987,
                831
            ],
            [
                10,
                17
            ]
        ],
        [
            [
                985,
                831
            ],
            [
                8,
                18
            ]
        ],
        [
            [
                986,
                831
            ],
            [
                10,
                16
            ]
        ],
        [
            [
                985,
                830
            ],
            [
                8,
                17
            ]
        ],
        [
            [
                985,
                830
            ],
            [
                8,
                17
            ]
        ],
        [
            [
                985,
                831
            ],
            [
                8,
                16
            ]
        ],
        [
            [
                985,
                831
            ],
            [
                7,
                16
            ]
        ],
        [
            [
                985,
                831
            ],
            [
                8,
                16
            ]
        ],
        [
            [
                985,
                830
            ],
            [
                8,
                17
            ]
        ],
        null,
        [
            [
                984,
                830
            ],
            [
                9,
                19
            ]
        ],
        [
            [
                985,
                829
            ],
            [
                10,
                18
            ]
        ],
        null,
        null,
        [
            [
                987,
                830
            ],
            [
                7,
                28
            ]
        ],
        [
            [
                986,
                829
            ],
            [
                5,
                18
            ]
        ],
        [
            [
                987,
                830
            ],
            [
                7,
                20
            ]
        ],
        null,
        null,
        null,
        null,
        null,
        null,
        null,
        null,
        null,
        [
            [
                982,
                831
            ],
            [
                17,
                16
            ]
        ],
        [
            [
                981,
                832
            ],
            [
                18,
                14
            ]
        ]
    ],
    "Particles_Max_Intensity": [
        [
            121
        ],
        [
            118
        ],
        [
            120
        ],
        [
            118
        ],
        [
            120
        ],
        [
            120
        ],
        [
            123
        ],
        [
            124
        ],
        [
            123
        ],
        [
            122
        ],
        null,
        [
            121
        ],
        [
            121
        ],
        null,
        null,
        [
            112
        ],
        [
            118
        ],
        [
            112
        ],
        null,
        null,
        null,
        null,
        null,
        null,
        null,
        null,
        null,
        [
            141
        ],
        [
            137
        ]
    ],
    "Track_ID": 70,
    "classification": "non-motile",
    "probability_motility": 0.3601379969098593
}