{
    "Times": [
        182,
        183,
        184,
        185,
        186,
        187,
        188,
        189,
        190,
        191,
        192,
        193,
        194,
        195,
        196,
        197
    ],
    "Particles_Position": [
        [
            709.7,
            631.3
        ],
        [
            715.1,
            635.5
        ],
        null,
        null,
        [
            713.6,
            634.1
        ],
        [
            713.6,
            630.4
        ],
        [
            715.8,
            634.6
        ],
        [
            715.5,
            634.2
        ],
        null,
        null,
        null,
        [
            712.6,
            630.6
        ],
        [
            713.3,
            631.1
        ],
        [
            715.0,
            631.3
        ],
        [
            714.4,
            631.3
        ],
        [
            686.4,
            628.3
        ]
    ],
    "Particles_Estimated_Position": [
        [
            709.7,
            631.3
        ],
        [
            715.1,
            635.5
        ],
        [
            714.6,
            635.0333333333333
        ],
        [
            714.1,
            634.5666666666667
        ],
        [
            713.6,
            634.1
        ],
        [
            713.6,
            630.4
        ],
        [
            715.8,
            634.6
        ],
        [
            715.5,
            634.2
        ],
        [
            714.775,
            633.3000000000001
        ],
        [
            714.05,
            632.4000000000001
        ],
        [
            713.325,
            631.5
        ],
        [
            712.6,
            630.6
        ],
        [
            713.3,
            631.1
        ],
        [
            715.0,
            631.3
        ],
        [
            714.4,
            631.3
        ],
        [
            686.4,
            628.3
        ]
    ],
    "Particles_Size": [
        15,
        12,
        null,
        null,
        12,
        14,
        13,
        12,
        null,
        null,
        null,
        12,
        14,
        11,
        12,
        14
    ],
    "Particles_Bbox": [
        [
            [
                693,
                618
            ],
            [
                23,
                19
            ]
        ],
        [
            [
                711,
                630
            ],
            [
                12,
                21
            ]
        ],
        null,
        null,
        [
            [
                711,
                627
            ],
            [
                4,
                11
            ]
        ],
        [
            [
                711,
                618
            ],
            [
                5,
                20
            ]
        ],
        [
            [
                711,
                627
            ],
            [
                17,
                20
            ]
        ],
        [
            [
                712,
                626
            ],
            [
                11,
                21
            ]
        ],
        null,
        null,
        null,
        [
            [
                703,
                627
            ],
            [
                13,
                10
            ]
        ],
        [
            [
                703,
                623
            ],
            [
                14,
                14
            ]
        ],
        [
            [
                710,
                627
            ],
            [
                7,
                8
            ]
        ],
        [
            [
                710,
                622
            ],
            [
                7,
                13
            ]
        ],
        [
            [
                679,
                618
            ],
            [
                12,
                29
            ]
        ]
    ],
    "Particles_Max_Intensity": [
        [
            118
        ],
        [
            136
        ],
        null,
        null,
        [
            134
        ],
        [
            133
        ],
        [
            138
        ],
        [
            137
        ],
        null,
        null,
        null,
        [
            111
        ],
        [
            117
        ],
        [
            115
        ],
        [
            117
        ],
        [
            129
        ]
    ],
    "Track_ID": 83,
    "classification": "motile",
    "probability_motility": 0.5147617283575217
}