{
    "Times": [
        66,
        67,
        68,
        69,
        70,
        71,
        72,
        73,
        74,
        75,
        76,
        77,
        78,
        79,
        80,
        81,
        82,
        83,
        84,
        85,
        86
    ],
    "Particles_Position": [
        [
            166.1,
            333.4
        ],
        [
            167.6,
            326.1
        ],
        [
            161.5,
            330.8
        ],
        [
            172.5,
            331.6
        ],
        [
            191.6,
            314.4
        ],
        [
            182.3,
            324.3
        ],
        [
            188.6,
            326.6
        ],
        [
            169.3,
            321.8
        ],
        null,
        null,
        null,
        null,
        null,
        [
            158.5,
            340.9
        ],
        [
            161.5,
            332.9
        ],
        [
            171.7,
            327.7
        ],
        null,
        [
            161.8,
            331.7
        ],
        [
            169.3,
            327.3
        ],
        [
            158.1,
            336.6
        ],
        [
            166.5,
            334.6
        ]
    ],
    "Particles_Estimated_Position": [
        [
            166.1,
            333.4
        ],
        [
            167.6,
            326.1
        ],
        [
            161.5,
            330.8
        ],
        [
            172.5,
            331.6
        ],
        [
            191.6,
            314.4
        ],
        [
            182.3,
            324.3
        ],
        [
            188.6,
            326.6
        ],
        [
            169.3,
            321.8
        ],
        [
            167.5,
            324.98333333333335
        ],
        [
            165.70000000000002,
            328.1666666666667
        ],
        [
            163.9,
            331.35
        ],
        [
            162.1,
            334.5333333333333
        ],
        [
            160.3,
            337.71666666666664
        ],
        [
            158.5,
            340.9
        ],
        [
            161.5,
            332.9
        ],
        [
            171.7,
            327.7
        ],
        [
            166.75,
            329.7
        ],
        [
            161.8,
            331.7
        ],
        [
            169.3,
            327.3
        ],
        [
            158.1,
            336.6
        ],
        [
            166.5,
            334.6
        ]
    ],
    "Particles_Size": [
        43,
        81,
        86,
        109,
        320,
        32,
        113,
        118,
        null,
        null,
        null,
        null,
        null,
        40,
        81,
        251,
        null,
        93,
        68,
        65,
        160
    ],
    "Particles_Bbox": [
        [
            [
                149,
                318
            ],
            [
                32,
                34
            ]
        ],
        [
            [
                144,
                302
            ],
            [
                49,
                48
            ]
        ],
        [
            [
                135,
                304
            ],
            [
                54,
                56
            ]
        ],
        [
            [
                137,
                303
            ],
            [
                68,
                50
            ]
        ],
        [
            [
                134,
                268
            ],
            [
                122,
                96
            ]
        ],
        [
            [
                164,
                309
            ],
            [
                31,
                34
            ]
        ],
        [
            [
                149,
                302
            ],
            [
                74,
                50
            ]
        ],
        [
            [
                135,
                289
            ],
            [
                63,
                62
            ]
        ],
        null,
        null,
        null,
        null,
        null,
        [
            [
                144,
                324
            ],
            [
                28,
                30
            ]
        ],
        [
            [
                137,
                310
            ],
            [
                54,
                44
            ]
        ],
        [
            [
                135,
                282
            ],
            [
                85,
                100
            ]
        ],
        null,
        [
            [
                135,
                304
            ],
            [
                58,
                52
            ]
        ],
        [
            [
                144,
                304
            ],
            [
                49,
                43
            ]
        ],
        [
            [
                135,
                313
            ],
            [
                48,
                48
            ]
        ],
        [
            [
                134,
                282
            ],
            [
                67,
                100
            ]
        ]
    ],
    "Particles_Max_Intensity": [
        [
            54
        ],
        [
            57
        ],
        [
            58
        ],
        [
            58
        ],
        [
            60
        ],
        [
            54
        ],
        [
            56
        ],
        [
            59
        ],
        null,
        null,
        null,
        null,
        null,
        [
            58
        ],
        [
            59
        ],
        [
            59
        ],
        null,
        [
            58
        ],
        [
            57
        ],
        [
            57
        ],
        [
            58
        ]
    ],
    "Track_ID": 33,
    "classification": "non-motile",
    "probability_motility": 0.399615353488031
}