{
    "Times": [
        129,
        130,
        131,
        132,
        133,
        134,
        135,
        136,
        137,
        138,
        139,
        140,
        141,
        142,
        143,
        144,
        145
    ],
    "Particles_Position": [
        [
            93.7,
            277.6
        ],
        [
            82.8,
            304.9
        ],
        null,
        null,
        null,
        null,
        null,
        null,
        null,
        [
            68.7,
            325.5
        ],
        [
            74.8,
            306.5
        ],
        [
            91.7,
            280.4
        ],
        [
            107.5,
            286.2
        ],
        [
            86.2,
            299.1
        ],
        [
            100.4,
            281.5
        ],
        [
            75.7,
            312.5
        ],
        [
            67.5,
            320.5
        ]
    ],
    "Particles_Estimated_Position": [
        [
            93.7,
            277.6
        ],
        [
            82.8,
            304.9
        ],
        [
            81.0375,
            307.47499999999997
        ],
        [
            79.275,
            310.04999999999995
        ],
        [
            77.5125,
            312.625
        ],
        [
            75.75,
            315.2
        ],
        [
            73.9875,
            317.775
        ],
        [
            72.225,
            320.35
        ],
        [
            70.4625,
            322.925
        ],
        [
            68.7,
            325.5
        ],
        [
            74.8,
            306.5
        ],
        [
            91.7,
            280.4
        ],
        [
            107.5,
            286.2
        ],
        [
            86.2,
            299.1
        ],
        [
            100.4,
            281.5
        ],
        [
            75.7,
            312.5
        ],
        [
            67.5,
            320.5
        ]
    ],
    "Particles_Size": [
        39,
        284,
        null,
        null,
        null,
        null,
        null,
        null,
        null,
        50,
        247,
        66,
        86,
        206,
        100,
        41,
        44
    ],
    "Particles_Bbox": [
        [
            [
                76,
                261
            ],
            [
                32,
                31
            ]
        ],
        [
            [
                22,
                238
            ],
            [
                101,
                121
            ]
        ],
        null,
        null,
        null,
        null,
        null,
        null,
        null,
        [
            [
                52,
                303
            ],
            [
                31,
                41
            ]
        ],
        [
            [
                25,
                264
            ],
            [
                102,
                79
            ]
        ],
        [
            [
                68,
                259
            ],
            [
                49,
                43
            ]
        ],
        [
            [
                80,
                260
            ],
            [
                55,
                51
            ]
        ],
        [
            [
                51,
                254
            ],
            [
                73,
                87
            ]
        ],
        [
            [
                69,
                253
            ],
            [
                59,
                60
            ]
        ],
        [
            [
                61,
                296
            ],
            [
                30,
                30
            ]
        ],
        [
            [
                49,
                303
            ],
            [
                32,
                36
            ]
        ]
    ],
    "Particles_Max_Intensity": [
        [
            59
        ],
        [
            68
        ],
        null,
        null,
        null,
        null,
        null,
        null,
        null,
        [
            67
        ],
        [
            69
        ],
        [
            58
        ],
        [
            58
        ],
        [
            69
        ],
        [
            59
        ],
        [
            58
        ],
        [
            66
        ]
    ],
    "Track_ID": 64,
    "classification": "motile",
    "probability_motility": 0.5422440784437033
}