{
    "Times": [
        309,
        310,
        311,
        312,
        313,
        314,
        315,
        316,
        317,
        318,
        319,
        320,
        321,
        322,
        323,
        324,
        325
    ],
    "Particles_Position": [
        [
            923.4,
            37.6
        ],
        [
            912.8,
            40.8
        ],
        [
            886.1,
            28.3
        ],
        [
            886.2,
            46.0
        ],
        [
            873.1,
            50.1
        ],
        [
            873.7,
            52.8
        ],
        [
            859.5,
            51.3
        ],
        [
            869.8,
            57.4
        ],
        [
            871.9,
            54.3
        ],
        [
            855.9,
            56.6
        ],
        null,
        null,
        [
            856.7,
            64.9
        ],
        [
            840.5,
            57.9
        ],
        [
            816.8,
            54.4
        ],
        [
            809.8,
            56.3
        ],
        [
            799.8,
            59.9
        ]
    ],
    "Particles_Estimated_Position": [
        [
            923.4,
            37.6
        ],
        [
            912.8,
            40.8
        ],
        [
            886.1,
            28.3
        ],
        [
            886.2,
            46.0
        ],
        [
            873.1,
            50.1
        ],
        [
            873.7,
            52.8
        ],
        [
            859.5,
            51.3
        ],
        [
            869.8,
            57.4
        ],
        [
            871.9,
            54.3
        ],
        [
            855.9,
            56.6
        ],
        [
            856.1666666666666,
            59.36666666666667
        ],
        [
            856.4333333333334,
            62.13333333333334
        ],
        [
            856.7,
            64.9
        ],
        [
            840.5,
            57.9
        ],
        [
            816.8,
            54.4
        ],
        [
            809.8,
            56.3
        ],
        [
            799.8,
            59.9
        ]
    ],
    "Particles_Size": [
        239,
        272,
        147,
        332,
        463,
        379,
        391,
        461,
        478,
        451,
        null,
        null,
        438,
        557,
        742,
        529,
        680
    ],
    "Particles_Bbox": [
        [
            [
                885,
                0
            ],
            [
                80,
                83
            ]
        ],
        [
            [
                871,
                0
            ],
            [
                84,
                96
            ]
        ],
        [
            [
                851,
                3
            ],
            [
                72,
                56
            ]
        ],
        [
            [
                845,
                0
            ],
            [
                85,
                108
            ]
        ],
        [
            [
                819,
                0
            ],
            [
                102,
                115
            ]
        ],
        [
            [
                826,
                0
            ],
            [
                98,
                110
            ]
        ],
        [
            [
                800,
                0
            ],
            [
                123,
                106
            ]
        ],
        [
            [
                815,
                1
            ],
            [
                107,
                114
            ]
        ],
        [
            [
                817,
                1
            ],
            [
                110,
                115
            ]
        ],
        [
            [
                792,
                0
            ],
            [
                128,
                123
            ]
        ],
        null,
        null,
        [
            [
                789,
                1
            ],
            [
                124,
                126
            ]
        ],
        [
            [
                770,
                1
            ],
            [
                138,
                129
            ]
        ],
        [
            [
                711,
                0
            ],
            [
                194,
                131
            ]
        ],
        [
            [
                710,
                0
            ],
            [
                184,
                125
            ]
        ],
        [
            [
                700,
                0
            ],
            [
                188,
                135
            ]
        ]
    ],
    "Particles_Max_Intensity": [
        [
            62
        ],
        [
            61
        ],
        [
            60
        ],
        [
            61
        ],
        [
            64
        ],
        [
            63
        ],
        [
            61
        ],
        [
            65
        ],
        [
            63
        ],
        [
            64
        ],
        null,
        null,
        [
            63
        ],
        [
            63
        ],
        [
            64
        ],
        [
            63
        ],
        [
            63
        ]
    ],
    "Track_ID": 130,
    "classification": "motile",
    "probability_motility": 0.6325089161724883
}