{
    "Times": [
        339,
        340,
        341,
        342,
        343,
        344,
        345,
        346,
        347,
        348,
        349,
        350,
        351,
        352,
        353,
        354,
        355,
        356,
        357,
        358,
        359,
        360,
        361,
        362,
        363,
        364,
        365,
        366,
        367,
        368,
        369,
        370
    ],
    "Particles_Position": [
        [
            944.0,
            542.7
        ],
        [
            934.8,
            517.2
        ],
        null,
        null,
        null,
        null,
        null,
        [
            931.9,
            514.2
        ],
        [
            944.6,
            489.1
        ],
        [
            927.1,
            479.8
        ],
        [
            939.5,
            536.1
        ],
        [
            939.5,
            538.4
        ],
        null,
        null,
        [
            982.8,
            554.7
        ],
        [
            965.1,
            539.9
        ],
        [
            956.8,
            565.1
        ],
        [
            946.9,
            552.4
        ],
        [
            957.7,
            542.2
        ],
        [
            1017.0,
            529.6
        ],
        [
            1005.5,
            538.9
        ],
        [
            1009.1,
            535.3
        ],
        [
            1012.8,
            530.1
        ],
        [
            938.3,
            561.7
        ],
        [
            999.6,
            542.3
        ],
        [
            995.2,
            545.4
        ],
        [
            989.7,
            549.0
        ],
        [
            998.0,
            542.4
        ],
        [
            991.2,
            547.7
        ],
        [
            985.2,
            558.6
        ],
        [
            982.3,
            561.9
        ],
        [
            988.4,
            552.1
        ]
    ],
    "Particles_Estimated_Position": [
        [
            944.0,
            542.7
        ],
        [
            934.8,
            517.2
        ],
        [
            934.3166666666666,
            516.7
        ],
        [
            933.8333333333333,
            516.2
        ],
        [
            933.3499999999999,
            515.7
        ],
        [
            932.8666666666667,
            515.2
        ],
        [
            932.3833333333333,
            514.7
        ],
        [
            931.9,
            514.2
        ],
        [
            944.6,
            489.1
        ],
        [
            927.1,
            479.8
        ],
        [
            939.5,
            536.1
        ],
        [
            939.5,
            538.4
        ],
        [
            953.9333333333333,
            543.8333333333334
        ],
        [
            968.3666666666667,
            549.2666666666667
        ],
        [
            982.8,
            554.7
        ],
        [
            965.1,
            539.9
        ],
        [
            956.8,
            565.1
        ],
        [
            946.9,
            552.4
        ],
        [
            957.7,
            542.2
        ],
        [
            1017.0,
            529.6
        ],
        [
            1005.5,
            538.9
        ],
        [
            1009.1,
            535.3
        ],
        [
            1012.8,
            530.1
        ],
        [
            938.3,
            561.7
        ],
        [
            999.6,
            542.3
        ],
        [
            995.2,
            545.4
        ],
        [
            989.7,
            549.0
        ],
        [
            998.0,
            542.4
        ],
        [
            991.2,
            547.7
        ],
        [
            985.2,
            558.6
        ],
        [
            982.3,
            561.9
        ],
        [
            988.4,
            552.1
        ]
    ],
    "Particles_Size": [
        76,
        119,
        null,
        null,
        null,
        null,
        null,
        196,
        53,
        40,
        92,
        74,
        null,
        null,
        38,
        194,
        473,
        123,
        186,
        47,
        73,
        95,
        74,
        160,
        101,
        112,
        85,
        86,
        109,
        114,
        122,
        134
    ],