{
    "Times": [
        381,
        382,
        383,
        384,
        385,
        386,
        387,
        388,
        389,
        390,
        391,
        392,
        393,
        394,
        395,
        396,
        397,
        398
    ],
    "Particles_Position": [
        [
            580.1,
            772.5
        ],
        [
            594.3,
            768.6
        ],
        null,
        null,
        [
            597.2,
            759.0
        ],
        [
            582.1,
            768.7
        ],
        [
            567.7,
            797.5
        ],
        [
            571.6,
            813.6
        ],
        [
            572.5,
            785.7
        ],
        [
            555.9,
            793.5
        ],
        [
            560.0,
            794.3
        ],
        [
            557.4,
            788.2
        ],
        [
            576.1,
            765.4
        ],
        [
            577.5,
            770.8
        ],
        null,
        null,
        [
            579.4,
            770.2
        ],
        [
            578.8,
            774.2
        ]
    ],
    "Particles_Estimated_Position": [
        [
            580.1,
            772.5
        ],
        [
            594.3,
            768.6
        ],
        [
            595.2666666666667,
            765.4
        ],
        [
            596.2333333333333,
            762.2
        ],
        [
            597.2,
            759.0
        ],
        [
            582.1,
            768.7
        ],
        [
            567.7,
            797.5
        ],
        [
            571.6,
            813.6
        ],
        [
            572.5,
            785.7
        ],
        [
            555.9,
            793.5
        ],
        [
            560.0,
            794.3
        ],
        [
            557.4,
            788.2
        ],
        [
            576.1,
            765.4
        ],
        [
            577.5,
            770.8
        ],
        [
            578.1333333333333,
            770.6
        ],
        [
            578.7666666666667,
            770.4
        ],
        [
            579.4,
            770.2
        ],
        [
            578.8,
            774.2
        ]
    ],
    "Particles_Size": [
        486,
        692,
        null,
        null,
        24,
        449,
        180,
        154,
        313,
        165,
        217,
        260,
        404,
        464,
        null,
        null,
        346,
        410
    ],
    "Particles_Bbox": [
        [
            [
                507,
                688
            ],
            [
                140,
                159
            ]
        ],
        [
            [
                501,
                702
            ],
            [
                199,
                143
            ]
        ],
        null,
        null,
        [
            [
                581,
                745
            ],
            [
                29,
                22
            ]
        ],
        [
            [
                523,
                688
            ],
            [
                115,
                158
            ]
        ],
        [
            [
                530,
                747
            ],
            [
                76,
                100
            ]
        ],
        [
            [
                541,
                772
            ],
            [
                60,
                80
            ]
        ],
        [
            [
                524,
                733
            ],
            [
                104,
                106
            ]
        ],
        [
            [
                516,
                750
            ],
            [
                76,
                76
            ]
        ],
        [
            [
                526,
                749
            ],
            [
                73,
                89
            ]
        ],
        [
            [
                511,
                732
            ],
            [
                87,
                113
            ]
        ],
        [
            [
                509,
                700
            ],
            [
                131,
                132
            ]
        ],
        [
            [
                513,
                695
            ],
            [
                134,
                140
            ]
        ],
        null,
        null,
        [
            [
                521,
                707
            ],
            [
                126,
                122
            ]
        ],
        [
            [
                522,
                701
            ],
            [
                118,
                136
            ]
        ]
    ],
    "Particles_Max_Intensity": [
        [
            63
        ],
        [
            63
        ],
        null,
        null,
        [
            57
        ],
        [
            61
        ],
        [
            60
        ],
        [
            62
        ],
        [
            61
        ],
        [
            61
        ],
        [
            62
        ],
        [
            61
        ],
        [
            62
        ],
        [
            60
        ],
        null,
        null,
        [
            61
        ],
        [
            61
        ]
    ],
    "Track_ID": 166,
    "classification": "non-motile",
    "probability_motility": 0.37360001262343223
}