{
    "Times": [
        10,
        11,
        12,
        13,
        14,
        15,
        16,
        17,
        18,
        19,
        20,
        21,
        22,
        23,
        24,
        25,
        26
    ],
    "Particles_Position": [
        [
            356.8,
            935.4
        ],
        [
            352.8,
            932.2
        ],
        [
            354.6,
            934.3
        ],
        [
            351.4,
            931.6
        ],
        [
            353.6,
            934.2
        ],
        [
            351.1,
            933.7
        ],
        [
            351.4,
            926.5
        ],
        [
            352.4,
            932.4
        ],
        null,
        null,
        null,
        null,
        null,
        [
            349.3,
            932.0
        ],
        [
            352.7,
            934.1
        ],
        [
            346.8,
            927.5
        ],
        [
            354.5,
            935.5
        ]
    ],
    "Particles_Estimated_Position": [
        [
            356.8,
            935.4
        ],
        [
            352.8,
            932.2
        ],
        [
            354.6,
            934.3
        ],
        [
            351.4,
            931.6
        ],
        [
            353.6,
            934.2
        ],
        [
            351.1,
            933.7
        ],
        [
            351.4,
            926.5
        ],
        [
            352.4,
            932.4
        ],
        [
            351.8833333333333,
            932.3333333333333
        ],
        [
            351.3666666666667,
            932.2666666666667
        ],
        [
            350.85,
            932.2
        ],
        [
            350.3333333333333,
            932.1333333333333
        ],
        [
            349.81666666666666,
            932.0666666666666
        ],
        [
            349.3,
            932.0
        ],
        [
            352.7,
            934.1
        ],
        [
            346.8,
            927.5
        ],
        [
            354.5,
            935.5
        ]
    ],
    "Particles_Size": [
        9,
        13,
        7,
        12,
        13,
        10,
        20,
        11,
        null,
        null,
        null,
        null,
        null,
        28,
        16,
        25,
        6
    ],
    "Particles_Bbox": [
        [
            [
                352,
                931
            ],
            [
                10,
                18
            ]
        ],
        [
            [
                343,
                926
            ],
            [
                25,
                17
            ]
        ],
        [
            [
                343,
                931
            ],
            [
                25,
                12
            ]
        ],
        [
            [
                343,
                926
            ],
            [
                15,
                17
            ]
        ],
        [
            [
                343,
                929
            ],
            [
                18,
                19
            ]
        ],
        [
            [
                344,
                927
            ],
            [
                18,
                22
            ]
        ],
        [
            [
                343,
                906
            ],
            [
                17,
                37
            ]
        ],
        [
            [
                343,
                926
            ],
            [
                17,
                17
            ]
        ],
        null,
        null,
        null,
        null,
        null,
        [
            [
                336,
                924
            ],
            [
                27,
                25
            ]
        ],
        [
            [
                343,
                932
            ],
            [
                15,
                11
            ]
        ],
        [
            [
                336,
                923
            ],
            [
                27,
                10
            ]
        ],
        [
            [
                343,
                932
            ],
            [
                16,
                11
            ]
        ]
    ],
    "Particles_Max_Intensity": [
        [
            101
        ],
        [
            103
        ],
        [
            103
        ],
        [
            100
        ],
        [
            102
        ],
        [
            103
        ],
        [
            109
        ],
        [
            103
        ],
        null,
        null,
        null,
        null,
        null,
        [
            108
        ],
        [
            104
        ],
        [
            107
        ],
        [
            100
        ]
    ],
    "Track_ID": 36,
    "classification": "non-motile",
    "probability_motility": 0.30528180703356445
}